[      55ms] [INFO] %cDownload the React DevTools for a better development experience: https://react.dev/link/react-devtools font-weight:bold @ http://localhost:3003/_next/static/chunks/node_modules_next_dist_1e8vcs8._.js:776
[      63ms] [LOG] [HMR] connected @ http://localhost:3003/_next/static/chunks/node_modules_next_dist_1e8vcs8._.js:776
[      70ms] [WARNING] GoTrueClient@sb-127-auth-token:1 (2.116.0) 2026-09-20T09:10:04.563Z Multiple GoTrueClient instances detected in the same browser context. It is not an error, but this should be avoided as it may produce undefined behavior when used concurrently under the same storage key. @ http://localhost:3003/_next/static/chunks/node_modules_next_dist_1e8vcs8._.js:776
[   20225ms] [LOG] [HMR] connected @ http://localhost:3003/_next/static/chunks/node_modules_next_dist_1e8vcs8._.js:776
[   20560ms] [INFO] %cDownload the React DevTools for a better development experience: https://react.dev/link/react-devtools font-weight:bold @ http://localhost:3003/_next/static/chunks/node_modules_next_dist_1e8vcs8._.js:776
[   20566ms] [LOG] [HMR] connected @ http://localhost:3003/_next/static/chunks/node_modules_next_dist_1e8vcs8._.js:776
[   20574ms] [WARNING] GoTrueClient@sb-127-auth-token:1 (2.116.0) 2026-09-20T09:10:25.067Z Multiple GoTrueClient instances detected in the same browser context. It is not an error, but this should be avoided as it may produce undefined behavior when used concurrently under the same storage key. @ http://localhost:3003/_next/static/chunks/node_modules_next_dist_1e8vcs8._.js:776
[   29621ms] [LOG] [Fast Refresh] done in 3363ms @ http://localhost:3003/_next/static/chunks/node_modules_next_dist_1e8vcs8._.js:776
[   37228ms] [LOG] [Fast Refresh] done in 3363ms @ http://localhost:3003/_next/static/chunks/node_modules_next_dist_1e8vcs8._.js:776
[   46669ms] [LOG] [Fast Refresh] done in 3363ms @ http://localhost:3003/_next/static/chunks/node_modules_next_dist_1e8vcs8._.js:776
[   47098ms] [LOG] [Fast Refresh] done in 3363ms @ http://localhost:3003/_next/static/chunks/node_modules_next_dist_1e8vcs8._.js:776
[   47177ms] [LOG] [Fast Refresh] done in 3363ms @ http://localhost:3003/_next/static/chunks/node_modules_next_dist_1e8vcs8._.js:776
[   47492ms] [LOG] [Fast Refresh] done in 3363ms @ http://localhost:3003/_next/static/chunks/node_modules_next_dist_1e8vcs8._.js:776
[   47618ms] [LOG] [Fast Refresh] done in 3363ms @ http://localhost:3003/_next/static/chunks/node_modules_next_dist_1e8vcs8._.js:776
[   47787ms] [LOG] [Fast Refresh] done in 3363ms @ http://localhost:3003/_next/static/chunks/node_modules_next_dist_1e8vcs8._.js:776
[   47902ms] [LOG] [Fast Refresh] done in 3363ms @ http://localhost:3003/_next/static/chunks/node_modules_next_dist_1e8vcs8._.js:776
[   48092ms] [LOG] [Fast Refresh] done in 3363ms @ http://localhost:3003/_next/static/chunks/node_modules_next_dist_1e8vcs8._.js:776
[   48507ms] [LOG] [Fast Refresh] done in 3363ms @ http://localhost:3003/_next/static/chunks/node_modules_next_dist_1e8vcs8._.js:776
[   48575ms] [LOG] [Fast Refresh] done in 3363ms @ http://localhost:3003/_next/static/chunks/node_modules_next_dist_1e8vcs8._.js:776
[   48964ms] [LOG] [Fast Refresh] done in 3363ms @ http://localhost:3003/_next/static/chunks/node_modules_next_dist_1e8vcs8._.js:776
[   48999ms] [LOG] [Fast Refresh] done in 3363ms @ http://localhost:3003/_next/static/chunks/node_modules_next_dist_1e8vcs8._.js:776
[   49393ms] [LOG] [Fast Refresh] done in 3363ms @ http://localhost:3003/_next/static/chunks/node_modules_next_dist_1e8vcs8._.js:776
[   49717ms] [LOG] [Fast Refresh] done in 3363ms @ http://localhost:3003/_next/static/chunks/node_modules_next_dist_1e8vcs8._.js:776
[   49821ms] [LOG] [Fast Refresh] done in 3363ms @ http://localhost:3003/_next/static/chunks/node_modules_next_dist_1e8vcs8._.js:776
[   50131ms] [LOG] [Fast Refresh] done in 3363ms @ http://localhost:3003/_next/static/chunks/node_modules_next_dist_1e8vcs8._.js:776
[   50168ms] [LOG] [Fast Refresh] done in 3363ms @ http://localhost:3003/_next/static/chunks/node_modules_next_dist_1e8vcs8._.js:776
[   50481ms] [LOG] [Fast Refresh] done in 3363ms @ http://localhost:3003/_next/static/chunks/node_modules_next_dist_1e8vcs8._.js:776
[   50756ms] [LOG] [Fast Refresh] done in 3363ms @ http://localhost:3003/_next/static/chunks/node_modules_next_dist_1e8vcs8._.js:776
[   51068ms] [LOG] [Fast Refresh] done in 3363ms @ http://localhost:3003/_next/static/chunks/node_modules_next_dist_1e8vcs8._.js:776
[   51389ms] [LOG] [Fast Refresh] done in 3363ms @ http://localhost:3003/_next/static/chunks/node_modules_next_dist_1e8vcs8._.js:776
[   51668ms] [LOG] [Fast Refresh] done in 3363ms @ http://localhost:3003/_next/static/chunks/node_modules_next_dist_1e8vcs8._.js:776
[   51934ms] [LOG] [Fast Refresh] done in 3363ms @ http://localhost:3003/_next/static/chunks/node_modules_next_dist_1e8vcs8._.js:776
[   52217ms] [LOG] [Fast Refresh] done in 3363ms @ http://localhost:3003/_next/static/chunks/node_modules_next_dist_1e8vcs8._.js:776
[   52554ms] [LOG] [Fast Refresh] done in 3363ms @ http://localhost:3003/_next/static/chunks/node_modules_next_dist_1e8vcs8._.js:776
[   52851ms] [LOG] [Fast Refresh] done in 3363ms @ http://localhost:3003/_next/static/chunks/node_modules_next_dist_1e8vcs8._.js:776
[   53209ms] [LOG] [Fast Refresh] done in 3363ms @ http://localhost:3003/_next/static/chunks/node_modules_next_dist_1e8vcs8._.js:776
[   53343ms] [LOG] [Fast Refresh] done in 3363ms @ http://localhost:3003/_next/static/chunks/node_modules_next_dist_1e8vcs8._.js:776
[   53497ms] [LOG] [Fast Refresh] done in 3363ms @ http://localhost:3003/_next/static/chunks/node_modules_next_dist_1e8vcs8._.js:776
[   53608ms] [LOG] [Fast Refresh] done in 3363ms @ http://localhost:3003/_next/static/chunks/node_modules_next_dist_1e8vcs8._.js:776
[   53656ms] [LOG] [Fast Refresh] done in 3363ms @ http://localhost:3003/_next/static/chunks/node_modules_next_dist_1e8vcs8._.js:776
[   54526ms] [LOG] [Fast Refresh] done in 3363ms @ http://localhost:3003/_next/static/chunks/node_modules_next_dist_1e8vcs8._.js:776
[   54600ms] [LOG] [Fast Refresh] done in 3363ms @ http://localhost:3003/_next/static/chunks/node_modules_next_dist_1e8vcs8._.js:776
[   54748ms] [LOG] [Fast Refresh] done in 3363ms @ http://localhost:3003/_next/static/chunks/node_modules_next_dist_1e8vcs8._.js:776
[   55191ms] [LOG] [Fast Refresh] done in 3363ms @ http://localhost:3003/_next/static/chunks/node_modules_next_dist_1e8vcs8._.js:776
[   55318ms] [LOG] [Fast Refresh] done in 3363ms @ http://localhost:3003/_next/static/chunks/node_modules_next_dist_1e8vcs8._.js:776
[   55484ms] [LOG] [Fast Refresh] done in 3363ms @ http://localhost:3003/_next/static/chunks/node_modules_next_dist_1e8vcs8._.js:776
[   55595ms] [LOG] [Fast Refresh] done in 3363ms @ http://localhost:3003/_next/static/chunks/node_modules_next_dist_1e8vcs8._.js:776
[   55636ms] [LOG] [Fast Refresh] done in 3363ms @ http://localhost:3003/_next/static/chunks/node_modules_next_dist_1e8vcs8._.js:776
[   55769ms] [LOG] [Fast Refresh] done in 3363ms @ http://localhost:3003/_next/static/chunks/node_modules_next_dist_1e8vcs8._.js:776
[   56112ms] [LOG] [Fast Refresh] done in 3363ms @ http://localhost:3003/_next/static/chunks/node_modules_next_dist_1e8vcs8._.js:776
[   56145ms] [LOG] [Fast Refresh] done in 3363ms @ http://localhost:3003/_next/static/chunks/node_modules_next_dist_1e8vcs8._.js:776
[   57468ms] [LOG] [HMR] connected @ http://localhost:3003/_next/static/chunks/node_modules_next_dist_1e8vcs8._.js:776
[   59091ms] [INFO] %cDownload the React DevTools for a better development experience: https://react.dev/link/react-devtools font-weight:bold @ http://localhost:3003/_next/static/chunks/0rrk_next_dist_0aa54qq._.js:776
[   59119ms] [LOG] [HMR] connected @ http://localhost:3003/_next/static/chunks/0rrk_next_dist_0aa54qq._.js:776
[   59138ms] [WARNING] GoTrueClient@sb-127-auth-token:1 (2.116.0) 2026-09-20T09:11:03.631Z Multiple GoTrueClient instances detected in the same browser context. It is not an error, but this should be avoided as it may produce undefined behavior when used concurrently under the same storage key. @ http://localhost:3003/_next/static/chunks/0rrk_next_dist_0aa54qq._.js:776
[  141665ms] [WARNING] [React Flow]: It seems that you are trying to drag a node that is not initialized. Please use onNodesChange as explained in the docs. Help: https://reactflow.dev/error#015 @ http://localhost:3003/_next/static/chunks/0rrk_next_dist_0aa54qq._.js:776
[  141687ms] [WARNING] [React Flow]: It seems that you are trying to drag a node that is not initialized. Please use onNodesChange as explained in the docs. Help: https://reactflow.dev/error#015 @ http://localhost:3003/_next/static/chunks/0rrk_next_dist_0aa54qq._.js:776
[  141695ms] [WARNING] [React Flow]: It seems that you are trying to drag a node that is not initialized. Please use onNodesChange as explained in the docs. Help: https://reactflow.dev/error#015 @ http://localhost:3003/_next/static/chunks/0rrk_next_dist_0aa54qq._.js:776
[  141702ms] [WARNING] [React Flow]: It seems that you are trying to drag a node that is not initialized. Please use onNodesChange as explained in the docs. Help: https://reactflow.dev/error#015 @ http://localhost:3003/_next/static/chunks/0rrk_next_dist_0aa54qq._.js:776
[  141711ms] [WARNING] [React Flow]: It seems that you are trying to drag a node that is not initialized. Please use onNodesChange as explained in the docs. Help: https://reactflow.dev/error#015 @ http://localhost:3003/_next/static/chunks/0rrk_next_dist_0aa54qq._.js:776
[  141718ms] [WARNING] [React Flow]: It seems that you are trying to drag a node that is not initialized. Please use onNodesChange as explained in the docs. Help: https://reactflow.dev/error#015 @ http://localhost:3003/_next/static/chunks/0rrk_next_dist_0aa54qq._.js:776
[  141727ms] [WARNING] [React Flow]: It seems that you are trying to drag a node that is not initialized. Please use onNodesChange as explained in the docs. Help: https://reactflow.dev/error#015 @ http://localhost:3003/_next/static/chunks/0rrk_next_dist_0aa54qq._.js:776
[  141736ms] [WARNING] [React Flow]: It seems that you are trying to drag a node that is not initialized. Please use onNodesChange as explained in the docs. Help: https://reactflow.dev/error#015 @ http://localhost:3003/_next/static/chunks/0rrk_next_dist_0aa54qq._.js:776
[  141743ms] [WARNING] [React Flow]: It seems that you are trying to drag a node that is not initialized. Please use onNodesChange as explained in the docs. Help: https://reactflow.dev/error#015 @ http://localhost:3003/_next/static/chunks/0rrk_next_dist_0aa54qq._.js:776
[  141753ms] [WARNING] [React Flow]: It seems that you are trying to drag a node that is not initialized. Please use onNodesChange as explained in the docs. Help: https://reactflow.dev/error#015 @ http://localhost:3003/_next/static/chunks/0rrk_next_dist_0aa54qq._.js:776
[  141761ms] [WARNING] [React Flow]: It seems that you are trying to drag a node that is not initialized. Please use onNodesChange as explained in the docs. Help: https://reactflow.dev/error#015 @ http://localhost:3003/_next/static/chunks/0rrk_next_dist_0aa54qq._.js:776
[  141767ms] [WARNING] [React Flow]: It seems that you are trying to drag a node that is not initialized. Please use onNodesChange as explained in the docs. Help: https://reactflow.dev/error#015 @ http://localhost:3003/_next/static/chunks/0rrk_next_dist_0aa54qq._.js:776
[  141776ms] [WARNING] [React Flow]: It seems that you are trying to drag a node that is not initialized. Please use onNodesChange as explained in the docs. Help: https://reactflow.dev/error#015 @ http://localhost:3003/_next/static/chunks/0rrk_next_dist_0aa54qq._.js:776
[  141784ms] [WARNING] [React Flow]: It seems that you are trying to drag a node that is not initialized. Please use onNodesChange as explained in the docs. Help: https://reactflow.dev/error#015 @ http://localhost:3003/_next/static/chunks/0rrk_next_dist_0aa54qq._.js:776
[  141793ms] [WARNING] [React Flow]: It seems that you are trying to drag a node that is not initialized. Please use onNodesChange as explained in the docs. Help: https://reactflow.dev/error#015 @ http://localhost:3003/_next/static/chunks/0rrk_next_dist_0aa54qq._.js:776
[  141802ms] [WARNING] [React Flow]: It seems that you are trying to drag a node that is not initialized. Please use onNodesChange as explained in the docs. Help: https://reactflow.dev/error#015 @ http://localhost:3003/_next/static/chunks/0rrk_next_dist_0aa54qq._.js:776
[  141810ms] [WARNING] [React Flow]: It seems that you are trying to drag a node that is not initialized. Please use onNodesChange as explained in the docs. Help: https://reactflow.dev/error#015 @ http://localhost:3003/_next/static/chunks/0rrk_next_dist_0aa54qq._.js:776
[  141818ms] [WARNING] [React Flow]: It seems that you are trying to drag a node that is not initialized. Please use onNodesChange as explained in the docs. Help: https://reactflow.dev/error#015 @ http://localhost:3003/_next/static/chunks/0rrk_next_dist_0aa54qq._.js:776
[  141826ms] [WARNING] [React Flow]: It seems that you are trying to drag a node that is not initialized. Please use onNodesChange as explained in the docs. Help: https://reactflow.dev/error#015 @ http://localhost:3003/_next/static/chunks/0rrk_next_dist_0aa54qq._.js:776
[  141835ms] [WARNING] [React Flow]: It seems that you are trying to drag a node that is not initialized. Please use onNodesChange as explained in the docs. Help: https://reactflow.dev/error#015 @ http://localhost:3003/_next/static/chunks/0rrk_next_dist_0aa54qq._.js:776
[  141843ms] [WARNING] [React Flow]: It seems that you are trying to drag a node that is not initialized. Please use onNodesChange as explained in the docs. Help: https://reactflow.dev/error#015 @ http://localhost:3003/_next/static/chunks/0rrk_next_dist_0aa54qq._.js:776
[  141851ms] [WARNING] [React Flow]: It seems that you are trying to drag a node that is not initialized. Please use onNodesChange as explained in the docs. Help: https://reactflow.dev/error#015 @ http://localhost:3003/_next/static/chunks/0rrk_next_dist_0aa54qq._.js:776
[  141860ms] [WARNING] [React Flow]: It seems that you are trying to drag a node that is not initialized. Please use onNodesChange as explained in the docs. Help: https://reactflow.dev/error#015 @ http://localhost:3003/_next/static/chunks/0rrk_next_dist_0aa54qq._.js:776
[  141868ms] [WARNING] [React Flow]: It seems that you are trying to drag a node that is not initialized. Please use onNodesChange as explained in the docs. Help: https://reactflow.dev/error#015 @ http://localhost:3003/_next/static/chunks/0rrk_next_dist_0aa54qq._.js:776
[  141876ms] [WARNING] [React Flow]: It seems that you are trying to drag a node that is not initialized. Please use onNodesChange as explained in the docs. Help: https://reactflow.dev/error#015 @ http://localhost:3003/_next/static/chunks/0rrk_next_dist_0aa54qq._.js:776
[  141885ms] [WARNING] [React Flow]: It seems that you are trying to drag a node that is not initialized. Please use onNodesChange as explained in the docs. Help: https://reactflow.dev/error#015 @ http://localhost:3003/_next/static/chunks/0rrk_next_dist_0aa54qq._.js:776
[  141893ms] [WARNING] [React Flow]: It seems that you are trying to drag a node that is not initialized. Please use onNodesChange as explained in the docs. Help: https://reactflow.dev/error#015 @ http://localhost:3003/_next/static/chunks/0rrk_next_dist_0aa54qq._.js:776
[  141901ms] [WARNING] [React Flow]: It seems that you are trying to drag a node that is not initialized. Please use onNodesChange as explained in the docs. Help: https://reactflow.dev/error#015 @ http://localhost:3003/_next/static/chunks/0rrk_next_dist_0aa54qq._.js:776
[  141910ms] [WARNING] [React Flow]: It seems that you are trying to drag a node that is not initialized. Please use onNodesChange as explained in the docs. Help: https://reactflow.dev/error#015 @ http://localhost:3003/_next/static/chunks/0rrk_next_dist_0aa54qq._.js:776
[  142097ms] [WARNING] [React Flow]: It seems that you are trying to drag a node that is not initialized. Please use onNodesChange as explained in the docs. Help: https://reactflow.dev/error#015 @ http://localhost:3003/_next/static/chunks/0rrk_next_dist_0aa54qq._.js:776
[  142272ms] [WARNING] [React Flow]: It seems that you are trying to drag a node that is not initialized. Please use onNodesChange as explained in the docs. Help: https://reactflow.dev/error#015 @ http://localhost:3003/_next/static/chunks/0rrk_next_dist_0aa54qq._.js:776
[  142281ms] [WARNING] [React Flow]: It seems that you are trying to drag a node that is not initialized. Please use onNodesChange as explained in the docs. Help: https://reactflow.dev/error#015 @ http://localhost:3003/_next/static/chunks/0rrk_next_dist_0aa54qq._.js:776
[  142306ms] [WARNING] [React Flow]: It seems that you are trying to drag a node that is not initialized. Please use onNodesChange as explained in the docs. Help: https://reactflow.dev/error#015 @ http://localhost:3003/_next/static/chunks/0rrk_next_dist_0aa54qq._.js:776
[  142314ms] [WARNING] [React Flow]: It seems that you are trying to drag a node that is not initialized. Please use onNodesChange as explained in the docs. Help: https://reactflow.dev/error#015 @ http://localhost:3003/_next/static/chunks/0rrk_next_dist_0aa54qq._.js:776
[  142322ms] [WARNING] [React Flow]: It seems that you are trying to drag a node that is not initialized. Please use onNodesChange as explained in the docs. Help: https://reactflow.dev/error#015 @ http://localhost:3003/_next/static/chunks/0rrk_next_dist_0aa54qq._.js:776
[  142331ms] [WARNING] [React Flow]: It seems that you are trying to drag a node that is not initialized. Please use onNodesChange as explained in the docs. Help: https://reactflow.dev/error#015 @ http://localhost:3003/_next/static/chunks/0rrk_next_dist_0aa54qq._.js:776
[  142339ms] [WARNING] [React Flow]: It seems that you are trying to drag a node that is not initialized. Please use onNodesChange as explained in the docs. Help: https://reactflow.dev/error#015 @ http://localhost:3003/_next/static/chunks/0rrk_next_dist_0aa54qq._.js:776
[  142347ms] [WARNING] [React Flow]: It seems that you are trying to drag a node that is not initialized. Please use onNodesChange as explained in the docs. Help: https://reactflow.dev/error#015 @ http://localhost:3003/_next/static/chunks/0rrk_next_dist_0aa54qq._.js:776
[  142355ms] [WARNING] [React Flow]: It seems that you are trying to drag a node that is not initialized. Please use onNodesChange as explained in the docs. Help: https://reactflow.dev/error#015 @ http://localhost:3003/_next/static/chunks/0rrk_next_dist_0aa54qq._.js:776
[  142364ms] [WARNING] [React Flow]: It seems that you are trying to drag a node that is not initialized. Please use onNodesChange as explained in the docs. Help: https://reactflow.dev/error#015 @ http://localhost:3003/_next/static/chunks/0rrk_next_dist_0aa54qq._.js:776
[  142372ms] [WARNING] [React Flow]: It seems that you are trying to drag a node that is not initialized. Please use onNodesChange as explained in the docs. Help: https://reactflow.dev/error#015 @ http://localhost:3003/_next/static/chunks/0rrk_next_dist_0aa54qq._.js:776
[  142380ms] [WARNING] [React Flow]: It seems that you are trying to drag a node that is not initialized. Please use onNodesChange as explained in the docs. Help: https://reactflow.dev/error#015 @ http://localhost:3003/_next/static/chunks/0rrk_next_dist_0aa54qq._.js:776
[  142390ms] [WARNING] [React Flow]: It seems that you are trying to drag a node that is not initialized. Please use onNodesChange as explained in the docs. Help: https://reactflow.dev/error#015 @ http://localhost:3003/_next/static/chunks/0rrk_next_dist_0aa54qq._.js:776
[  142397ms] [WARNING] [React Flow]: It seems that you are trying to drag a node that is not initialized. Please use onNodesChange as explained in the docs. Help: https://reactflow.dev/error#015 @ http://localhost:3003/_next/static/chunks/0rrk_next_dist_0aa54qq._.js:776
[  142405ms] [WARNING] [React Flow]: It seems that you are trying to drag a node that is not initialized. Please use onNodesChange as explained in the docs. Help: https://reactflow.dev/error#015 @ http://localhost:3003/_next/static/chunks/0rrk_next_dist_0aa54qq._.js:776
[  142414ms] [WARNING] [React Flow]: It seems that you are trying to drag a node that is not initialized. Please use onNodesChange as explained in the docs. Help: https://reactflow.dev/error#015 @ http://localhost:3003/_next/static/chunks/0rrk_next_dist_0aa54qq._.js:776
[  142422ms] [WARNING] [React Flow]: It seems that you are trying to drag a node that is not initialized. Please use onNodesChange as explained in the docs. Help: https://reactflow.dev/error#015 @ http://localhost:3003/_next/static/chunks/0rrk_next_dist_0aa54qq._.js:776
[  142431ms] [WARNING] [React Flow]: It seems that you are trying to drag a node that is not initialized. Please use onNodesChange as explained in the docs. Help: https://reactflow.dev/error#015 @ http://localhost:3003/_next/static/chunks/0rrk_next_dist_0aa54qq._.js:776
[  142439ms] [WARNING] [React Flow]: It seems that you are trying to drag a node that is not initialized. Please use onNodesChange as explained in the docs. Help: https://reactflow.dev/error#015 @ http://localhost:3003/_next/static/chunks/0rrk_next_dist_0aa54qq._.js:776
[  142447ms] [WARNING] [React Flow]: It seems that you are trying to drag a node that is not initialized. Please use onNodesChange as explained in the docs. Help: https://reactflow.dev/error#015 @ http://localhost:3003/_next/static/chunks/0rrk_next_dist_0aa54qq._.js:776
[  142455ms] [WARNING] [React Flow]: It seems that you are trying to drag a node that is not initialized. Please use onNodesChange as explained in the docs. Help: https://reactflow.dev/error#015 @ http://localhost:3003/_next/static/chunks/0rrk_next_dist_0aa54qq._.js:776
[  142464ms] [WARNING] [React Flow]: It seems that you are trying to drag a node that is not initialized. Please use onNodesChange as explained in the docs. Help: https://reactflow.dev/error#015 @ http://localhost:3003/_next/static/chunks/0rrk_next_dist_0aa54qq._.js:776
[  142472ms] [WARNING] [React Flow]: It seems that you are trying to drag a node that is not initialized. Please use onNodesChange as explained in the docs. Help: https://reactflow.dev/error#015 @ http://localhost:3003/_next/static/chunks/0rrk_next_dist_0aa54qq._.js:776
[  142480ms] [WARNING] [React Flow]: It seems that you are trying to drag a node that is not initialized. Please use onNodesChange as explained in the docs. Help: https://reactflow.dev/error#015 @ http://localhost:3003/_next/static/chunks/0rrk_next_dist_0aa54qq._.js:776
[  142489ms] [WARNING] [React Flow]: It seems that you are trying to drag a node that is not initialized. Please use onNodesChange as explained in the docs. Help: https://reactflow.dev/error#015 @ http://localhost:3003/_next/static/chunks/0rrk_next_dist_0aa54qq._.js:776
[  142497ms] [WARNING] [React Flow]: It seems that you are trying to drag a node that is not initialized. Please use onNodesChange as explained in the docs. Help: https://reactflow.dev/error#015 @ http://localhost:3003/_next/static/chunks/0rrk_next_dist_0aa54qq._.js:776
[  142506ms] [WARNING] [React Flow]: It seems that you are trying to drag a node that is not initialized. Please use onNodesChange as explained in the docs. Help: https://reactflow.dev/error#015 @ http://localhost:3003/_next/static/chunks/0rrk_next_dist_0aa54qq._.js:776
[  142514ms] [WARNING] [React Flow]: It seems that you are trying to drag a node that is not initialized. Please use onNodesChange as explained in the docs. Help: https://reactflow.dev/error#015 @ http://localhost:3003/_next/static/chunks/0rrk_next_dist_0aa54qq._.js:776
[  142522ms] [WARNING] [React Flow]: It seems that you are trying to drag a node that is not initialized. Please use onNodesChange as explained in the docs. Help: https://reactflow.dev/error#015 @ http://localhost:3003/_next/static/chunks/0rrk_next_dist_0aa54qq._.js:776
[  142531ms] [WARNING] [React Flow]: It seems that you are trying to drag a node that is not initialized. Please use onNodesChange as explained in the docs. Help: https://reactflow.dev/error#015 @ http://localhost:3003/_next/static/chunks/0rrk_next_dist_0aa54qq._.js:776
[  142539ms] [WARNING] [React Flow]: It seems that you are trying to drag a node that is not initialized. Please use onNodesChange as explained in the docs. Help: https://reactflow.dev/error#015 @ http://localhost:3003/_next/static/chunks/0rrk_next_dist_0aa54qq._.js:776
[  142547ms] [WARNING] [React Flow]: It seems that you are trying to drag a node that is not initialized. Please use onNodesChange as explained in the docs. Help: https://reactflow.dev/error#015 @ http://localhost:3003/_next/static/chunks/0rrk_next_dist_0aa54qq._.js:776
[  142556ms] [WARNING] [React Flow]: It seems that you are trying to drag a node that is not initialized. Please use onNodesChange as explained in the docs. Help: https://reactflow.dev/error#015 @ http://localhost:3003/_next/static/chunks/0rrk_next_dist_0aa54qq._.js:776
[  142564ms] [WARNING] [React Flow]: It seems that you are trying to drag a node that is not initialized. Please use onNodesChange as explained in the docs. Help: https://reactflow.dev/error#015 @ http://localhost:3003/_next/static/chunks/0rrk_next_dist_0aa54qq._.js:776
[  142572ms] [WARNING] [React Flow]: It seems that you are trying to drag a node that is not initialized. Please use onNodesChange as explained in the docs. Help: https://reactflow.dev/error#015 @ http://localhost:3003/_next/static/chunks/0rrk_next_dist_0aa54qq._.js:776
[  142580ms] [WARNING] [React Flow]: It seems that you are trying to drag a node that is not initialized. Please use onNodesChange as explained in the docs. Help: https://reactflow.dev/error#015 @ http://localhost:3003/_next/static/chunks/0rrk_next_dist_0aa54qq._.js:776
[  142589ms] [WARNING] [React Flow]: It seems that you are trying to drag a node that is not initialized. Please use onNodesChange as explained in the docs. Help: https://reactflow.dev/error#015 @ http://localhost:3003/_next/static/chunks/0rrk_next_dist_0aa54qq._.js:776
[  142597ms] [WARNING] [React Flow]: It seems that you are trying to drag a node that is not initialized. Please use onNodesChange as explained in the docs. Help: https://reactflow.dev/error#015 @ http://localhost:3003/_next/static/chunks/0rrk_next_dist_0aa54qq._.js:776
[  142606ms] [WARNING] [React Flow]: It seems that you are trying to drag a node that is not initialized. Please use onNodesChange as explained in the docs. Help: https://reactflow.dev/error#015 @ http://localhost:3003/_next/static/chunks/0rrk_next_dist_0aa54qq._.js:776
[  142614ms] [WARNING] [React Flow]: It seems that you are trying to drag a node that is not initialized. Please use onNodesChange as explained in the docs. Help: https://reactflow.dev/error#015 @ http://localhost:3003/_next/static/chunks/0rrk_next_dist_0aa54qq._.js:776
[  142622ms] [WARNING] [React Flow]: It seems that you are trying to drag a node that is not initialized. Please use onNodesChange as explained in the docs. Help: https://reactflow.dev/error#015 @ http://localhost:3003/_next/static/chunks/0rrk_next_dist_0aa54qq._.js:776
[  142630ms] [WARNING] [React Flow]: It seems that you are trying to drag a node that is not initialized. Please use onNodesChange as explained in the docs. Help: https://reactflow.dev/error#015 @ http://localhost:3003/_next/static/chunks/0rrk_next_dist_0aa54qq._.js:776
[  142639ms] [WARNING] [React Flow]: It seems that you are trying to drag a node that is not initialized. Please use onNodesChange as explained in the docs. Help: https://reactflow.dev/error#015 @ http://localhost:3003/_next/static/chunks/0rrk_next_dist_0aa54qq._.js:776
[  142647ms] [WARNING] [React Flow]: It seems that you are trying to drag a node that is not initialized. Please use onNodesChange as explained in the docs. Help: https://reactflow.dev/error#015 @ http://localhost:3003/_next/static/chunks/0rrk_next_dist_0aa54qq._.js:776
[  142655ms] [WARNING] [React Flow]: It seems that you are trying to drag a node that is not initialized. Please use onNodesChange as explained in the docs. Help: https://reactflow.dev/error#015 @ http://localhost:3003/_next/static/chunks/0rrk_next_dist_0aa54qq._.js:776
[  142664ms] [WARNING] [React Flow]: It seems that you are trying to drag a node that is not initialized. Please use onNodesChange as explained in the docs. Help: https://reactflow.dev/error#015 @ http://localhost:3003/_next/static/chunks/0rrk_next_dist_0aa54qq._.js:776
[  142673ms] [WARNING] [React Flow]: It seems that you are trying to drag a node that is not initialized. Please use onNodesChange as explained in the docs. Help: https://reactflow.dev/error#015 @ http://localhost:3003/_next/static/chunks/0rrk_next_dist_0aa54qq._.js:776
[  142680ms] [WARNING] [React Flow]: It seems that you are trying to drag a node that is not initialized. Please use onNodesChange as explained in the docs. Help: https://reactflow.dev/error#015 @ http://localhost:3003/_next/static/chunks/0rrk_next_dist_0aa54qq._.js:776
[  142689ms] [WARNING] [React Flow]: It seems that you are trying to drag a node that is not initialized. Please use onNodesChange as explained in the docs. Help: https://reactflow.dev/error#015 @ http://localhost:3003/_next/static/chunks/0rrk_next_dist_0aa54qq._.js:776
[  142697ms] [WARNING] [React Flow]: It seems that you are trying to drag a node that is not initialized. Please use onNodesChange as explained in the docs. Help: https://reactflow.dev/error#015 @ http://localhost:3003/_next/static/chunks/0rrk_next_dist_0aa54qq._.js:776
[  142706ms] [WARNING] [React Flow]: It seems that you are trying to drag a node that is not initialized. Please use onNodesChange as explained in the docs. Help: https://reactflow.dev/error#015 @ http://localhost:3003/_next/static/chunks/0rrk_next_dist_0aa54qq._.js:776
[  142714ms] [WARNING] [React Flow]: It seems that you are trying to drag a node that is not initialized. Please use onNodesChange as explained in the docs. Help: https://reactflow.dev/error#015 @ http://localhost:3003/_next/static/chunks/0rrk_next_dist_0aa54qq._.js:776
[  142722ms] [WARNING] [React Flow]: It seems that you are trying to drag a node that is not initialized. Please use onNodesChange as explained in the docs. Help: https://reactflow.dev/error#015 @ http://localhost:3003/_next/static/chunks/0rrk_next_dist_0aa54qq._.js:776
[  142731ms] [WARNING] [React Flow]: It seems that you are trying to drag a node that is not initialized. Please use onNodesChange as explained in the docs. Help: https://reactflow.dev/error#015 @ http://localhost:3003/_next/static/chunks/0rrk_next_dist_0aa54qq._.js:776
[  142739ms] [WARNING] [React Flow]: It seems that you are trying to drag a node that is not initialized. Please use onNodesChange as explained in the docs. Help: https://reactflow.dev/error#015 @ http://localhost:3003/_next/static/chunks/0rrk_next_dist_0aa54qq._.js:776
[  142747ms] [WARNING] [React Flow]: It seems that you are trying to drag a node that is not initialized. Please use onNodesChange as explained in the docs. Help: https://reactflow.dev/error#015 @ http://localhost:3003/_next/static/chunks/0rrk_next_dist_0aa54qq._.js:776
[  142756ms] [WARNING] [React Flow]: It seems that you are trying to drag a node that is not initialized. Please use onNodesChange as explained in the docs. Help: https://reactflow.dev/error#015 @ http://localhost:3003/_next/static/chunks/0rrk_next_dist_0aa54qq._.js:776
[  142764ms] [WARNING] [React Flow]: It seems that you are trying to drag a node that is not initialized. Please use onNodesChange as explained in the docs. Help: https://reactflow.dev/error#015 @ http://localhost:3003/_next/static/chunks/0rrk_next_dist_0aa54qq._.js:776
[  142772ms] [WARNING] [React Flow]: It seems that you are trying to drag a node that is not initialized. Please use onNodesChange as explained in the docs. Help: https://reactflow.dev/error#015 @ http://localhost:3003/_next/static/chunks/0rrk_next_dist_0aa54qq._.js:776
[  142780ms] [WARNING] [React Flow]: It seems that you are trying to drag a node that is not initialized. Please use onNodesChange as explained in the docs. Help: https://reactflow.dev/error#015 @ http://localhost:3003/_next/static/chunks/0rrk_next_dist_0aa54qq._.js:776
[  142789ms] [WARNING] [React Flow]: It seems that you are trying to drag a node that is not initialized. Please use onNodesChange as explained in the docs. Help: https://reactflow.dev/error#015 @ http://localhost:3003/_next/static/chunks/0rrk_next_dist_0aa54qq._.js:776
[  142798ms] [WARNING] [React Flow]: It seems that you are trying to drag a node that is not initialized. Please use onNodesChange as explained in the docs. Help: https://reactflow.dev/error#015 @ http://localhost:3003/_next/static/chunks/0rrk_next_dist_0aa54qq._.js:776
[  142805ms] [WARNING] [React Flow]: It seems that you are trying to drag a node that is not initialized. Please use onNodesChange as explained in the docs. Help: https://reactflow.dev/error#015 @ http://localhost:3003/_next/static/chunks/0rrk_next_dist_0aa54qq._.js:776
[  142814ms] [WARNING] [React Flow]: It seems that you are trying to drag a node that is not initialized. Please use onNodesChange as explained in the docs. Help: https://reactflow.dev/error#015 @ http://localhost:3003/_next/static/chunks/0rrk_next_dist_0aa54qq._.js:776
[  142822ms] [WARNING] [React Flow]: It seems that you are trying to drag a node that is not initialized. Please use onNodesChange as explained in the docs. Help: https://reactflow.dev/error#015 @ http://localhost:3003/_next/static/chunks/0rrk_next_dist_0aa54qq._.js:776
[  142831ms] [WARNING] [React Flow]: It seems that you are trying to drag a node that is not initialized. Please use onNodesChange as explained in the docs. Help: https://reactflow.dev/error#015 @ http://localhost:3003/_next/static/chunks/0rrk_next_dist_0aa54qq._.js:776
[  144381ms] [WARNING] [React Flow]: It seems that you are trying to drag a node that is not initialized. Please use onNodesChange as explained in the docs. Help: https://reactflow.dev/error#015 @ http://localhost:3003/_next/static/chunks/0rrk_next_dist_0aa54qq._.js:776
[  144389ms] [WARNING] [React Flow]: It seems that you are trying to drag a node that is not initialized. Please use onNodesChange as explained in the docs. Help: https://reactflow.dev/error#015 @ http://localhost:3003/_next/static/chunks/0rrk_next_dist_0aa54qq._.js:776
[  144398ms] [WARNING] [React Flow]: It seems that you are trying to drag a node that is not initialized. Please use onNodesChange as explained in the docs. Help: https://reactflow.dev/error#015 @ http://localhost:3003/_next/static/chunks/0rrk_next_dist_0aa54qq._.js:776
[  144406ms] [WARNING] [React Flow]: It seems that you are trying to drag a node that is not initialized. Please use onNodesChange as explained in the docs. Help: https://reactflow.dev/error#015 @ http://localhost:3003/_next/static/chunks/0rrk_next_dist_0aa54qq._.js:776
[  144414ms] [WARNING] [React Flow]: It seems that you are trying to drag a node that is not initialized. Please use onNodesChange as explained in the docs. Help: https://reactflow.dev/error#015 @ http://localhost:3003/_next/static/chunks/0rrk_next_dist_0aa54qq._.js:776
[  144423ms] [WARNING] [React Flow]: It seems that you are trying to drag a node that is not initialized. Please use onNodesChange as explained in the docs. Help: https://reactflow.dev/error#015 @ http://localhost:3003/_next/static/chunks/0rrk_next_dist_0aa54qq._.js:776
[  144431ms] [WARNING] [React Flow]: It seems that you are trying to drag a node that is not initialized. Please use onNodesChange as explained in the docs. Help: https://reactflow.dev/error#015 @ http://localhost:3003/_next/static/chunks/0rrk_next_dist_0aa54qq._.js:776
[  144436ms] [LOG] [Fast Refresh] rebuilding @ http://localhost:3003/_next/static/chunks/0rrk_next_dist_0aa54qq._.js:776
[  144440ms] [WARNING] [React Flow]: It seems that you are trying to drag a node that is not initialized. Please use onNodesChange as explained in the docs. Help: https://reactflow.dev/error#015 @ http://localhost:3003/_next/static/chunks/0rrk_next_dist_0aa54qq._.js:776
[  144448ms] [WARNING] [React Flow]: It seems that you are trying to drag a node that is not initialized. Please use onNodesChange as explained in the docs. Help: https://reactflow.dev/error#015 @ http://localhost:3003/_next/static/chunks/0rrk_next_dist_0aa54qq._.js:776
[  144456ms] [WARNING] [React Flow]: It seems that you are trying to drag a node that is not initialized. Please use onNodesChange as explained in the docs. Help: https://reactflow.dev/error#015 @ http://localhost:3003/_next/static/chunks/0rrk_next_dist_0aa54qq._.js:776
[  144465ms] [WARNING] [React Flow]: It seems that you are trying to drag a node that is not initialized. Please use onNodesChange as explained in the docs. Help: https://reactflow.dev/error#015 @ http://localhost:3003/_next/static/chunks/0rrk_next_dist_0aa54qq._.js:776
[  144472ms] [WARNING] [React Flow]: It seems that you are trying to drag a node that is not initialized. Please use onNodesChange as explained in the docs. Help: https://reactflow.dev/error#015 @ http://localhost:3003/_next/static/chunks/0rrk_next_dist_0aa54qq._.js:776
[  144481ms] [WARNING] [React Flow]: It seems that you are trying to drag a node that is not initialized. Please use onNodesChange as explained in the docs. Help: https://reactflow.dev/error#015 @ http://localhost:3003/_next/static/chunks/0rrk_next_dist_0aa54qq._.js:776
[  144489ms] [WARNING] [React Flow]: It seems that you are trying to drag a node that is not initialized. Please use onNodesChange as explained in the docs. Help: https://reactflow.dev/error#015 @ http://localhost:3003/_next/static/chunks/0rrk_next_dist_0aa54qq._.js:776
[  144498ms] [WARNING] [React Flow]: It seems that you are trying to drag a node that is not initialized. Please use onNodesChange as explained in the docs. Help: https://reactflow.dev/error#015 @ http://localhost:3003/_next/static/chunks/0rrk_next_dist_0aa54qq._.js:776
[  144506ms] [WARNING] [React Flow]: It seems that you are trying to drag a node that is not initialized. Please use onNodesChange as explained in the docs. Help: https://reactflow.dev/error#015 @ http://localhost:3003/_next/static/chunks/0rrk_next_dist_0aa54qq._.js:776
[  144515ms] [WARNING] [React Flow]: It seems that you are trying to drag a node that is not initialized. Please use onNodesChange as explained in the docs. Help: https://reactflow.dev/error#015 @ http://localhost:3003/_next/static/chunks/0rrk_next_dist_0aa54qq._.js:776
[  144522ms] [WARNING] [React Flow]: It seems that you are trying to drag a node that is not initialized. Please use onNodesChange as explained in the docs. Help: https://reactflow.dev/error#015 @ http://localhost:3003/_next/static/chunks/0rrk_next_dist_0aa54qq._.js:776
[  144531ms] [WARNING] [React Flow]: It seems that you are trying to drag a node that is not initialized. Please use onNodesChange as explained in the docs. Help: https://reactflow.dev/error#015 @ http://localhost:3003/_next/static/chunks/0rrk_next_dist_0aa54qq._.js:776
[  144541ms] [WARNING] [React Flow]: It seems that you are trying to drag a node that is not initialized. Please use onNodesChange as explained in the docs. Help: https://reactflow.dev/error#015 @ http://localhost:3003/_next/static/chunks/0rrk_next_dist_0aa54qq._.js:776
[  145078ms] [LOG] [Fast Refresh] done in 707ms @ http://localhost:3003/_next/static/chunks/0rrk_next_dist_0aa54qq._.js:776
[  146506ms] [LOG] [Fast Refresh] rebuilding @ http://localhost:3003/_next/static/chunks/0rrk_next_dist_0aa54qq._.js:776
[  146538ms] [LOG] [Fast Refresh] done in 3ms @ http://localhost:3003/_next/static/chunks/0rrk_next_dist_0aa54qq._.js:776
[  154332ms] [LOG] [Fast Refresh] done in 3ms @ http://localhost:3003/_next/static/chunks/0rrk_next_dist_0aa54qq._.js:776
[  154384ms] [LOG] [Fast Refresh] done in 7845ms @ http://localhost:3003/_next/static/chunks/0rrk_next_dist_0aa54qq._.js:776
[  154539ms] [LOG] [Fast Refresh] done in 7845ms @ http://localhost:3003/_next/static/chunks/0rrk_next_dist_0aa54qq._.js:776
[  173431ms] [LOG] [Fast Refresh] rebuilding @ http://localhost:3003/_next/static/chunks/0rrk_next_dist_0aa54qq._.js:776
[  173463ms] [LOG] [Fast Refresh] done in 2ms @ http://localhost:3003/_next/static/chunks/0rrk_next_dist_0aa54qq._.js:776
[  173943ms] [LOG] [Fast Refresh] done in 2ms @ http://localhost:3003/_next/static/chunks/0rrk_next_dist_0aa54qq._.js:776
[  174038ms] [LOG] [Fast Refresh] done in 2ms @ http://localhost:3003/_next/static/chunks/0rrk_next_dist_0aa54qq._.js:776
[  174395ms] [LOG] [Fast Refresh] done in 2ms @ http://localhost:3003/_next/static/chunks/0rrk_next_dist_0aa54qq._.js:776
[  174550ms] [LOG] [Fast Refresh] done in 2ms @ http://localhost:3003/_next/static/chunks/0rrk_next_dist_0aa54qq._.js:776
[  174747ms] [LOG] [Fast Refresh] done in 2ms @ http://localhost:3003/_next/static/chunks/0rrk_next_dist_0aa54qq._.js:776
[  174855ms] [LOG] [Fast Refresh] done in 2ms @ http://localhost:3003/_next/static/chunks/0rrk_next_dist_0aa54qq._.js:776
[  174911ms] [LOG] [Fast Refresh] done in 2ms @ http://localhost:3003/_next/static/chunks/0rrk_next_dist_0aa54qq._.js:776
[  175373ms] [LOG] [Fast Refresh] done in 2ms @ http://localhost:3003/_next/static/chunks/0rrk_next_dist_0aa54qq._.js:776
[  175444ms] [LOG] [Fast Refresh] done in 2ms @ http://localhost:3003/_next/static/chunks/0rrk_next_dist_0aa54qq._.js:776
[  175850ms] [LOG] [Fast Refresh] done in 2ms @ http://localhost:3003/_next/static/chunks/0rrk_next_dist_0aa54qq._.js:776
[  175893ms] [LOG] [Fast Refresh] done in 2ms @ http://localhost:3003/_next/static/chunks/0rrk_next_dist_0aa54qq._.js:776
[  176324ms] [LOG] [Fast Refresh] done in 2ms @ http://localhost:3003/_next/static/chunks/0rrk_next_dist_0aa54qq._.js:776
[  176683ms] [LOG] [Fast Refresh] done in 2ms @ http://localhost:3003/_next/static/chunks/0rrk_next_dist_0aa54qq._.js:776
[  176757ms] [LOG] [Fast Refresh] done in 2ms @ http://localhost:3003/_next/static/chunks/0rrk_next_dist_0aa54qq._.js:776
[  177135ms] [LOG] [Fast Refresh] done in 2ms @ http://localhost:3003/_next/static/chunks/0rrk_next_dist_0aa54qq._.js:776
[  177176ms] [LOG] [Fast Refresh] done in 2ms @ http://localhost:3003/_next/static/chunks/0rrk_next_dist_0aa54qq._.js:776
[  177510ms] [LOG] [Fast Refresh] done in 2ms @ http://localhost:3003/_next/static/chunks/0rrk_next_dist_0aa54qq._.js:776
[  177819ms] [LOG] [Fast Refresh] done in 2ms @ http://localhost:3003/_next/static/chunks/0rrk_next_dist_0aa54qq._.js:776
[  178175ms] [LOG] [Fast Refresh] done in 2ms @ http://localhost:3003/_next/static/chunks/0rrk_next_dist_0aa54qq._.js:776
[  178476ms] [LOG] [Fast Refresh] done in 2ms @ http://localhost:3003/_next/static/chunks/0rrk_next_dist_0aa54qq._.js:776
[  178775ms] [LOG] [Fast Refresh] done in 2ms @ http://localhost:3003/_next/static/chunks/0rrk_next_dist_0aa54qq._.js:776
[  179075ms] [LOG] [Fast Refresh] done in 2ms @ http://localhost:3003/_next/static/chunks/0rrk_next_dist_0aa54qq._.js:776
[  179375ms] [LOG] [Fast Refresh] done in 2ms @ http://localhost:3003/_next/static/chunks/0rrk_next_dist_0aa54qq._.js:776
[  179694ms] [LOG] [Fast Refresh] done in 2ms @ http://localhost:3003/_next/static/chunks/0rrk_next_dist_0aa54qq._.js:776
[  179991ms] [LOG] [Fast Refresh] done in 2ms @ http://localhost:3003/_next/static/chunks/0rrk_next_dist_0aa54qq._.js:776
[  180347ms] [LOG] [Fast Refresh] done in 6881ms @ http://localhost:3003/_next/static/chunks/0rrk_next_dist_0aa54qq._.js:776
[  180421ms] [LOG] [Fast Refresh] done in 6952ms @ http://localhost:3003/_next/static/chunks/0rrk_next_dist_0aa54qq._.js:776
[  180556ms] [LOG] [Fast Refresh] done in 6952ms @ http://localhost:3003/_next/static/chunks/0rrk_next_dist_0aa54qq._.js:776
[  180747ms] [LOG] [Fast Refresh] done in 6952ms @ http://localhost:3003/_next/static/chunks/0rrk_next_dist_0aa54qq._.js:776
[  180851ms] [LOG] [Fast Refresh] done in 6952ms @ http://localhost:3003/_next/static/chunks/0rrk_next_dist_0aa54qq._.js:776
[  180902ms] [LOG] [Fast Refresh] done in 6952ms @ http://localhost:3003/_next/static/chunks/0rrk_next_dist_0aa54qq._.js:776
[  181644ms] [LOG] [Fast Refresh] done in 6952ms @ http://localhost:3003/_next/static/chunks/0rrk_next_dist_0aa54qq._.js:776
[  181740ms] [LOG] [Fast Refresh] done in 6952ms @ http://localhost:3003/_next/static/chunks/0rrk_next_dist_0aa54qq._.js:776
[  181883ms] [LOG] [Fast Refresh] done in 6952ms @ http://localhost:3003/_next/static/chunks/0rrk_next_dist_0aa54qq._.js:776
[  182410ms] [LOG] [Fast Refresh] done in 6952ms @ http://localhost:3003/_next/static/chunks/0rrk_next_dist_0aa54qq._.js:776
[  182546ms] [LOG] [Fast Refresh] done in 6952ms @ http://localhost:3003/_next/static/chunks/0rrk_next_dist_0aa54qq._.js:776
[  182727ms] [LOG] [Fast Refresh] done in 6952ms @ http://localhost:3003/_next/static/chunks/0rrk_next_dist_0aa54qq._.js:776
[  182836ms] [LOG] [Fast Refresh] done in 6952ms @ http://localhost:3003/_next/static/chunks/0rrk_next_dist_0aa54qq._.js:776
[  182891ms] [LOG] [Fast Refresh] done in 6952ms @ http://localhost:3003/_next/static/chunks/0rrk_next_dist_0aa54qq._.js:776
[  183218ms] [LOG] [Fast Refresh] rebuilding @ http://localhost:3003/_next/static/chunks/0rrk_next_dist_0aa54qq._.js:776
[  183238ms] [LOG] [Fast Refresh] done in 121ms @ http://localhost:3003/_next/static/chunks/0rrk_next_dist_0aa54qq._.js:776
[  246770ms] [LOG] [Fast Refresh] rebuilding @ http://localhost:3003/_next/static/chunks/0rrk_next_dist_0aa54qq._.js:776
[  246802ms] [LOG] [Fast Refresh] done in 4ms @ http://localhost:3003/_next/static/chunks/0rrk_next_dist_0aa54qq._.js:776
[  254113ms] [LOG] [Fast Refresh] done in 4ms @ http://localhost:3003/_next/static/chunks/0rrk_next_dist_0aa54qq._.js:776
[  264239ms] [LOG] [Fast Refresh] rebuilding @ http://localhost:3003/_next/static/chunks/0rrk_next_dist_0aa54qq._.js:776
[  264271ms] [LOG] [Fast Refresh] done in 2ms @ http://localhost:3003/_next/static/chunks/0rrk_next_dist_0aa54qq._.js:776
[  267107ms] [LOG] [Fast Refresh] done in 2ms @ http://localhost:3003/_next/static/chunks/0rrk_next_dist_0aa54qq._.js:776
[  268358ms] [LOG] [Fast Refresh] done in 2ms @ http://localhost:3003/_next/static/chunks/0rrk_next_dist_0aa54qq._.js:776
[  269039ms] [LOG] [Fast Refresh] done in 2ms @ http://localhost:3003/_next/static/chunks/0rrk_next_dist_0aa54qq._.js:776
[  269889ms] [LOG] [Fast Refresh] done in 2ms @ http://localhost:3003/_next/static/chunks/0rrk_next_dist_0aa54qq._.js:776
[  273214ms] [LOG] [Fast Refresh] done in 2ms @ http://localhost:3003/_next/static/chunks/0rrk_next_dist_0aa54qq._.js:776
[  274245ms] [LOG] [Fast Refresh] done in 2ms @ http://localhost:3003/_next/static/chunks/0rrk_next_dist_0aa54qq._.js:776
[  276428ms] [LOG] [Fast Refresh] done in 2ms @ http://localhost:3003/_next/static/chunks/0rrk_next_dist_0aa54qq._.js:776
[  283675ms] [LOG] [Fast Refresh] done in 2ms @ http://localhost:3003/_next/static/chunks/0rrk_next_dist_0aa54qq._.js:776
[  286122ms] [LOG] [Fast Refresh] done in 2ms @ http://localhost:3003/_next/static/chunks/0rrk_next_dist_0aa54qq._.js:776
[  286591ms] [LOG] [Fast Refresh] done in 2ms @ http://localhost:3003/_next/static/chunks/0rrk_next_dist_0aa54qq._.js:776
[  286626ms] [LOG] [Fast Refresh] done in 2ms @ http://localhost:3003/_next/static/chunks/0rrk_next_dist_0aa54qq._.js:776
[  286936ms] [LOG] [Fast Refresh] done in 2ms @ http://localhost:3003/_next/static/chunks/0rrk_next_dist_0aa54qq._.js:776
[  287079ms] [LOG] [Fast Refresh] done in 2ms @ http://localhost:3003/_next/static/chunks/0rrk_next_dist_0aa54qq._.js:776
[  287257ms] [LOG] [Fast Refresh] done in 2ms @ http://localhost:3003/_next/static/chunks/0rrk_next_dist_0aa54qq._.js:776
[  287459ms] [LOG] [Fast Refresh] done in 2ms @ http://localhost:3003/_next/static/chunks/0rrk_next_dist_0aa54qq._.js:776
[  287646ms] [LOG] [Fast Refresh] done in 2ms @ http://localhost:3003/_next/static/chunks/0rrk_next_dist_0aa54qq._.js:776
[  287944ms] [LOG] [Fast Refresh] done in 2ms @ http://localhost:3003/_next/static/chunks/0rrk_next_dist_0aa54qq._.js:776
[  288083ms] [LOG] [Fast Refresh] done in 2ms @ http://localhost:3003/_next/static/chunks/0rrk_next_dist_0aa54qq._.js:776
[  288264ms] [LOG] [Fast Refresh] done in 2ms @ http://localhost:3003/_next/static/chunks/0rrk_next_dist_0aa54qq._.js:776
[  288308ms] [LOG] [Fast Refresh] done in 2ms @ http://localhost:3003/_next/static/chunks/0rrk_next_dist_0aa54qq._.js:776
[  288431ms] [LOG] [Fast Refresh] done in 2ms @ http://localhost:3003/_next/static/chunks/0rrk_next_dist_0aa54qq._.js:776
[  299828ms] [LOG] [Fast Refresh] done in 2ms @ http://localhost:3003/_next/static/chunks/0rrk_next_dist_0aa54qq._.js:776
[  319743ms] [LOG] [Fast Refresh] done in 2ms @ http://localhost:3003/_next/static/chunks/0rrk_next_dist_0aa54qq._.js:776
[  320132ms] [LOG] [Fast Refresh] done in 2ms @ http://localhost:3003/_next/static/chunks/0rrk_next_dist_0aa54qq._.js:776
[  333122ms] [LOG] [Fast Refresh] done in 2ms @ http://localhost:3003/_next/static/chunks/0rrk_next_dist_0aa54qq._.js:776
[  333203ms] [LOG] [Fast Refresh] done in 2ms @ http://localhost:3003/_next/static/chunks/0rrk_next_dist_0aa54qq._.js:776
[  333744ms] [LOG] [Fast Refresh] done in 2ms @ http://localhost:3003/_next/static/chunks/0rrk_next_dist_0aa54qq._.js:776
[  333875ms] [LOG] [Fast Refresh] done in 2ms @ http://localhost:3003/_next/static/chunks/0rrk_next_dist_0aa54qq._.js:776
[  334068ms] [LOG] [Fast Refresh] done in 2ms @ http://localhost:3003/_next/static/chunks/0rrk_next_dist_0aa54qq._.js:776
[  334116ms] [LOG] [Fast Refresh] done in 2ms @ http://localhost:3003/_next/static/chunks/0rrk_next_dist_0aa54qq._.js:776
[  334173ms] [LOG] [Fast Refresh] done in 2ms @ http://localhost:3003/_next/static/chunks/0rrk_next_dist_0aa54qq._.js:776
[  334225ms] [LOG] [Fast Refresh] done in 2ms @ http://localhost:3003/_next/static/chunks/0rrk_next_dist_0aa54qq._.js:776
[  344581ms] [LOG] [Fast Refresh] done in 2ms @ http://localhost:3003/_next/static/chunks/0rrk_next_dist_0aa54qq._.js:776
[  355845ms] [LOG] [Fast Refresh] done in 91573ms @ http://localhost:3003/_next/static/chunks/0rrk_next_dist_0aa54qq._.js:776
[  355884ms] [LOG] [Fast Refresh] done in 91573ms @ http://localhost:3003/_next/static/chunks/0rrk_next_dist_0aa54qq._.js:776
[  377642ms] [LOG] [Fast Refresh] done in 91573ms @ http://localhost:3003/_next/static/chunks/0rrk_next_dist_0aa54qq._.js:776
[  377982ms] [LOG] [Fast Refresh] done in 91573ms @ http://localhost:3003/_next/static/chunks/0rrk_next_dist_0aa54qq._.js:776
[  378087ms] [LOG] [Fast Refresh] done in 113816ms @ http://localhost:3003/_next/static/chunks/0rrk_next_dist_0aa54qq._.js:776
[  378126ms] [LOG] [Fast Refresh] done in 113852ms @ http://localhost:3003/_next/static/chunks/0rrk_next_dist_0aa54qq._.js:776
[  378610ms] [LOG] [Fast Refresh] done in 113852ms @ http://localhost:3003/_next/static/chunks/0rrk_next_dist_0aa54qq._.js:776
[  378740ms] [LOG] [Fast Refresh] done in 113852ms @ http://localhost:3003/_next/static/chunks/0rrk_next_dist_0aa54qq._.js:776
[  378914ms] [LOG] [Fast Refresh] done in 113852ms @ http://localhost:3003/_next/static/chunks/0rrk_next_dist_0aa54qq._.js:776
[  378960ms] [LOG] [Fast Refresh] done in 113852ms @ http://localhost:3003/_next/static/chunks/0rrk_next_dist_0aa54qq._.js:776
[  379021ms] [LOG] [Fast Refresh] done in 113852ms @ http://localhost:3003/_next/static/chunks/0rrk_next_dist_0aa54qq._.js:776
[  379067ms] [LOG] [Fast Refresh] done in 113852ms @ http://localhost:3003/_next/static/chunks/0rrk_next_dist_0aa54qq._.js:776
[  389793ms] [LOG] [Fast Refresh] done in 113852ms @ http://localhost:3003/_next/static/chunks/0rrk_next_dist_0aa54qq._.js:776
[  392339ms] [LOG] [Fast Refresh] rebuilding @ http://localhost:3003/_next/static/chunks/0rrk_next_dist_0aa54qq._.js:776
[  392376ms] [LOG] [Fast Refresh] done in 6ms @ http://localhost:3003/_next/static/chunks/0rrk_next_dist_0aa54qq._.js:776
[  398868ms] [LOG] [Fast Refresh] done in 6ms @ http://localhost:3003/_next/static/chunks/0rrk_next_dist_0aa54qq._.js:776
[  419040ms] [LOG] [Fast Refresh] done in 6ms @ http://localhost:3003/_next/static/chunks/0rrk_next_dist_0aa54qq._.js:776
[  419895ms] [LOG] [Fast Refresh] done in 6ms @ http://localhost:3003/_next/static/chunks/0rrk_next_dist_0aa54qq._.js:776
[  420241ms] [LOG] [Fast Refresh] done in 6ms @ http://localhost:3003/_next/static/chunks/0rrk_next_dist_0aa54qq._.js:776
[  420321ms] [LOG] [Fast Refresh] done in 6ms @ http://localhost:3003/_next/static/chunks/0rrk_next_dist_0aa54qq._.js:776
[  420887ms] [LOG] [Fast Refresh] done in 6ms @ http://localhost:3003/_next/static/chunks/0rrk_next_dist_0aa54qq._.js:776
[  421024ms] [LOG] [Fast Refresh] done in 6ms @ http://localhost:3003/_next/static/chunks/0rrk_next_dist_0aa54qq._.js:776
[  421212ms] [LOG] [Fast Refresh] done in 6ms @ http://localhost:3003/_next/static/chunks/0rrk_next_dist_0aa54qq._.js:776
[  421256ms] [LOG] [Fast Refresh] done in 6ms @ http://localhost:3003/_next/static/chunks/0rrk_next_dist_0aa54qq._.js:776
[  421314ms] [LOG] [Fast Refresh] done in 6ms @ http://localhost:3003/_next/static/chunks/0rrk_next_dist_0aa54qq._.js:776
[  421360ms] [LOG] [Fast Refresh] done in 6ms @ http://localhost:3003/_next/static/chunks/0rrk_next_dist_0aa54qq._.js:776
[  460853ms] [LOG] [Fast Refresh] rebuilding @ http://localhost:3003/_next/static/chunks/0rrk_next_dist_0aa54qq._.js:776
[  460888ms] [LOG] [Fast Refresh] done in 4ms @ http://localhost:3003/_next/static/chunks/0rrk_next_dist_0aa54qq._.js:776
[  464538ms] [LOG] [Fast Refresh] done in 4ms @ http://localhost:3003/_next/static/chunks/0rrk_next_dist_0aa54qq._.js:776
[  468777ms] [LOG] [Fast Refresh] done in 4ms @ http://localhost:3003/_next/static/chunks/0rrk_next_dist_0aa54qq._.js:776
[  468872ms] [LOG] [Fast Refresh] done in 4ms @ http://localhost:3003/_next/static/chunks/0rrk_next_dist_0aa54qq._.js:776
[  480361ms] [LOG] [Fast Refresh] done in 4ms @ http://localhost:3003/_next/static/chunks/0rrk_next_dist_0aa54qq._.js:776
[  480703ms] [LOG] [Fast Refresh] done in 4ms @ http://localhost:3003/_next/static/chunks/0rrk_next_dist_0aa54qq._.js:776
[  480787ms] [LOG] [Fast Refresh] done in 4ms @ http://localhost:3003/_next/static/chunks/0rrk_next_dist_0aa54qq._.js:776
[  480965ms] [LOG] [Fast Refresh] done in 4ms @ http://localhost:3003/_next/static/chunks/0rrk_next_dist_0aa54qq._.js:776
[  481320ms] [LOG] [Fast Refresh] done in 4ms @ http://localhost:3003/_next/static/chunks/0rrk_next_dist_0aa54qq._.js:776
[  481452ms] [LOG] [Fast Refresh] done in 4ms @ http://localhost:3003/_next/static/chunks/0rrk_next_dist_0aa54qq._.js:776
[  481648ms] [LOG] [Fast Refresh] done in 4ms @ http://localhost:3003/_next/static/chunks/0rrk_next_dist_0aa54qq._.js:776
[  481701ms] [LOG] [Fast Refresh] done in 4ms @ http://localhost:3003/_next/static/chunks/0rrk_next_dist_0aa54qq._.js:776
[  481756ms] [LOG] [Fast Refresh] done in 4ms @ http://localhost:3003/_next/static/chunks/0rrk_next_dist_0aa54qq._.js:776
[  481800ms] [LOG] [Fast Refresh] done in 4ms @ http://localhost:3003/_next/static/chunks/0rrk_next_dist_0aa54qq._.js:776
[  482408ms] [LOG] [Fast Refresh] done in 4ms @ http://localhost:3003/_next/static/chunks/0rrk_next_dist_0aa54qq._.js:776
[  482509ms] [LOG] [Fast Refresh] done in 4ms @ http://localhost:3003/_next/static/chunks/0rrk_next_dist_0aa54qq._.js:776
[  482612ms] [LOG] [Fast Refresh] done in 4ms @ http://localhost:3003/_next/static/chunks/0rrk_next_dist_0aa54qq._.js:776
[  546086ms] [LOG] [Fast Refresh] rebuilding @ http://localhost:3003/_next/static/chunks/0rrk_next_dist_0aa54qq._.js:776
[  546109ms] [LOG] [Fast Refresh] done in 124ms @ http://localhost:3003/_next/static/chunks/0rrk_next_dist_0aa54qq._.js:776
[  590716ms] [LOG] [Fast Refresh] rebuilding @ http://localhost:3003/_next/static/chunks/0rrk_next_dist_0aa54qq._.js:776
[  590764ms] [WARNING] [React Flow]: It looks like you've created a new nodeTypes or edgeTypes object. If this wasn't on purpose please define the nodeTypes/edgeTypes outside of the component or memoize them. Help: https://reactflow.dev/error#002 @ http://localhost:3003/_next/static/chunks/0rrk_next_dist_0aa54qq._.js:776
[  590874ms] [LOG] [Fast Refresh] done in 149ms @ http://localhost:3003/_next/static/chunks/0rrk_next_dist_0aa54qq._.js:776
[  590891ms] [LOG] [Fast Refresh] done in 162ms @ http://localhost:3003/_next/static/chunks/0rrk_next_dist_0aa54qq._.js:776
[  591011ms] [LOG] [Fast Refresh] rebuilding @ http://localhost:3003/_next/static/chunks/0rrk_next_dist_0aa54qq._.js:776
[  591035ms] [LOG] [Fast Refresh] done in 19ms @ http://localhost:3003/_next/static/chunks/0rrk_next_dist_0aa54qq._.js:776
[  591125ms] [LOG] [Fast Refresh] rebuilding @ http://localhost:3003/_next/static/chunks/0rrk_next_dist_0aa54qq._.js:776
[  591126ms] [WARNING] [Fast Refresh] performing full reload

Fast Refresh will perform a full reload when you edit a file that's imported by modules outside of the React rendering tree.
You might have a file which exports a React component but also exports a value that is imported by a non-React component file.
Consider migrating the non-React component export to a separate file and importing it into both files.

It is also possible the parent component of the component you edited is a class component, which disables Fast Refresh.
Fast Refresh requires at least one parent function component in your React tree. @ http://localhost:3003/_next/static/chunks/0rrk_next_dist_0aa54qq._.js:776
[  592670ms] [INFO] %cDownload the React DevTools for a better development experience: https://react.dev/link/react-devtools font-weight:bold @ http://localhost:3003/_next/static/chunks/0rrk_next_dist_0aa54qq._.js:776
[  592698ms] [LOG] [HMR] connected @ http://localhost:3003/_next/static/chunks/0rrk_next_dist_0aa54qq._.js:776
[  592707ms] [WARNING] GoTrueClient@sb-127-auth-token:1 (2.116.0) 2026-09-20T09:19:57.200Z Multiple GoTrueClient instances detected in the same browser context. It is not an error, but this should be avoided as it may produce undefined behavior when used concurrently under the same storage key. @ http://localhost:3003/_next/static/chunks/0rrk_next_dist_0aa54qq._.js:776
[  593766ms] [LOG] [Fast Refresh] rebuilding @ http://localhost:3003/_next/static/chunks/0rrk_next_dist_0aa54qq._.js:776
[  593799ms] [LOG] [Fast Refresh] done in 3ms @ http://localhost:3003/_next/static/chunks/0rrk_next_dist_0aa54qq._.js:776
[  615716ms] [LOG] [Fast Refresh] done in 3ms @ http://localhost:3003/_next/static/chunks/0rrk_next_dist_0aa54qq._.js:776
[  615851ms] [LOG] [Fast Refresh] done in 3ms @ http://localhost:3003/_next/static/chunks/0rrk_next_dist_0aa54qq._.js:776
[  616027ms] [LOG] [Fast Refresh] done in 3ms @ http://localhost:3003/_next/static/chunks/0rrk_next_dist_0aa54qq._.js:776
[  616245ms] [LOG] [Fast Refresh] done in 3ms @ http://localhost:3003/_next/static/chunks/0rrk_next_dist_0aa54qq._.js:776
[  617292ms] [LOG] [Fast Refresh] done in 3ms @ http://localhost:3003/_next/static/chunks/0rrk_next_dist_0aa54qq._.js:776
[  620479ms] [LOG] [Fast Refresh] done in 3ms @ http://localhost:3003/_next/static/chunks/0rrk_next_dist_0aa54qq._.js:776
[  643457ms] [LOG] [Fast Refresh] done in 3ms @ http://localhost:3003/_next/static/chunks/0rrk_next_dist_0aa54qq._.js:776
[  643850ms] [LOG] [Fast Refresh] done in 3ms @ http://localhost:3003/_next/static/chunks/0rrk_next_dist_0aa54qq._.js:776
[  643922ms] [LOG] [Fast Refresh] done in 3ms @ http://localhost:3003/_next/static/chunks/0rrk_next_dist_0aa54qq._.js:776
[  644444ms] [LOG] [Fast Refresh] done in 3ms @ http://localhost:3003/_next/static/chunks/0rrk_next_dist_0aa54qq._.js:776
[  644578ms] [LOG] [Fast Refresh] done in 3ms @ http://localhost:3003/_next/static/chunks/0rrk_next_dist_0aa54qq._.js:776
[  644767ms] [LOG] [Fast Refresh] done in 3ms @ http://localhost:3003/_next/static/chunks/0rrk_next_dist_0aa54qq._.js:776
[  644810ms] [LOG] [Fast Refresh] done in 3ms @ http://localhost:3003/_next/static/chunks/0rrk_next_dist_0aa54qq._.js:776
[  644870ms] [LOG] [Fast Refresh] done in 3ms @ http://localhost:3003/_next/static/chunks/0rrk_next_dist_0aa54qq._.js:776
[  645057ms] [LOG] [Fast Refresh] done in 3ms @ http://localhost:3003/_next/static/chunks/0rrk_next_dist_0aa54qq._.js:776
[  645616ms] [LOG] [Fast Refresh] done in 3ms @ http://localhost:3003/_next/static/chunks/0rrk_next_dist_0aa54qq._.js:776
[  645983ms] [LOG] [Fast Refresh] done in 3ms @ http://localhost:3003/_next/static/chunks/0rrk_next_dist_0aa54qq._.js:776
[  646051ms] [LOG] [Fast Refresh] done in 3ms @ http://localhost:3003/_next/static/chunks/0rrk_next_dist_0aa54qq._.js:776
[  646318ms] [LOG] [Fast Refresh] done in 3ms @ http://localhost:3003/_next/static/chunks/0rrk_next_dist_0aa54qq._.js:776
[  646709ms] [LOG] [Fast Refresh] done in 3ms @ http://localhost:3003/_next/static/chunks/0rrk_next_dist_0aa54qq._.js:776
[  646837ms] [LOG] [Fast Refresh] done in 3ms @ http://localhost:3003/_next/static/chunks/0rrk_next_dist_0aa54qq._.js:776
[  647008ms] [LOG] [Fast Refresh] done in 3ms @ http://localhost:3003/_next/static/chunks/0rrk_next_dist_0aa54qq._.js:776
[  647110ms] [LOG] [Fast Refresh] done in 3ms @ http://localhost:3003/_next/static/chunks/0rrk_next_dist_0aa54qq._.js:776
[  647154ms] [LOG] [Fast Refresh] done in 3ms @ http://localhost:3003/_next/static/chunks/0rrk_next_dist_0aa54qq._.js:776
[  647421ms] [LOG] [Fast Refresh] done in 3ms @ http://localhost:3003/_next/static/chunks/0rrk_next_dist_0aa54qq._.js:776
[  647535ms] [LOG] [Fast Refresh] done in 3ms @ http://localhost:3003/_next/static/chunks/0rrk_next_dist_0aa54qq._.js:776
[  647626ms] [LOG] [Fast Refresh] done in 3ms @ http://localhost:3003/_next/static/chunks/0rrk_next_dist_0aa54qq._.js:776
[  647712ms] [LOG] [Fast Refresh] done in 3ms @ http://localhost:3003/_next/static/chunks/0rrk_next_dist_0aa54qq._.js:776
[  647744ms] [LOG] [Fast Refresh] done in 3ms @ http://localhost:3003/_next/static/chunks/0rrk_next_dist_0aa54qq._.js:776
[  647803ms] [LOG] [Fast Refresh] done in 3ms @ http://localhost:3003/_next/static/chunks/0rrk_next_dist_0aa54qq._.js:776
[  647967ms] [LOG] [Fast Refresh] done in 3ms @ http://localhost:3003/_next/static/chunks/0rrk_next_dist_0aa54qq._.js:776
[  648018ms] [LOG] [Fast Refresh] done in 3ms @ http://localhost:3003/_next/static/chunks/0rrk_next_dist_0aa54qq._.js:776
[  648052ms] [LOG] [Fast Refresh] done in 3ms @ http://localhost:3003/_next/static/chunks/0rrk_next_dist_0aa54qq._.js:776
[  648459ms] [LOG] [Fast Refresh] done in 3ms @ http://localhost:3003/_next/static/chunks/0rrk_next_dist_0aa54qq._.js:776
[  648777ms] [LOG] [Fast Refresh] done in 3ms @ http://localhost:3003/_next/static/chunks/0rrk_next_dist_0aa54qq._.js:776
[  648903ms] [LOG] [Fast Refresh] done in 3ms @ http://localhost:3003/_next/static/chunks/0rrk_next_dist_0aa54qq._.js:776
[  649081ms] [LOG] [Fast Refresh] done in 3ms @ http://localhost:3003/_next/static/chunks/0rrk_next_dist_0aa54qq._.js:776
[  649181ms] [LOG] [Fast Refresh] done in 3ms @ http://localhost:3003/_next/static/chunks/0rrk_next_dist_0aa54qq._.js:776
[  649219ms] [LOG] [Fast Refresh] done in 3ms @ http://localhost:3003/_next/static/chunks/0rrk_next_dist_0aa54qq._.js:776
[  649422ms] [LOG] [Fast Refresh] done in 3ms @ http://localhost:3003/_next/static/chunks/0rrk_next_dist_0aa54qq._.js:776
[  649476ms] [LOG] [Fast Refresh] done in 3ms @ http://localhost:3003/_next/static/chunks/0rrk_next_dist_0aa54qq._.js:776
[  649554ms] [LOG] [Fast Refresh] done in 3ms @ http://localhost:3003/_next/static/chunks/0rrk_next_dist_0aa54qq._.js:776
[  649759ms] [LOG] [Fast Refresh] done in 3ms @ http://localhost:3003/_next/static/chunks/0rrk_next_dist_0aa54qq._.js:776
[  649801ms] [LOG] [Fast Refresh] done in 3ms @ http://localhost:3003/_next/static/chunks/0rrk_next_dist_0aa54qq._.js:776
[  650103ms] [LOG] [Fast Refresh] done in 3ms @ http://localhost:3003/_next/static/chunks/0rrk_next_dist_0aa54qq._.js:776
[  650138ms] [LOG] [Fast Refresh] done in 3ms @ http://localhost:3003/_next/static/chunks/0rrk_next_dist_0aa54qq._.js:776
[  650181ms] [LOG] [Fast Refresh] done in 3ms @ http://localhost:3003/_next/static/chunks/0rrk_next_dist_0aa54qq._.js:776
[  650316ms] [LOG] [Fast Refresh] done in 3ms @ http://localhost:3003/_next/static/chunks/0rrk_next_dist_0aa54qq._.js:776
[  650489ms] [LOG] [Fast Refresh] done in 3ms @ http://localhost:3003/_next/static/chunks/0rrk_next_dist_0aa54qq._.js:776
[  650592ms] [LOG] [Fast Refresh] done in 3ms @ http://localhost:3003/_next/static/chunks/0rrk_next_dist_0aa54qq._.js:776
[  650643ms] [LOG] [Fast Refresh] done in 3ms @ http://localhost:3003/_next/static/chunks/0rrk_next_dist_0aa54qq._.js:776
[  650781ms] [LOG] [Fast Refresh] done in 3ms @ http://localhost:3003/_next/static/chunks/0rrk_next_dist_0aa54qq._.js:776
[  650960ms] [LOG] [Fast Refresh] done in 3ms @ http://localhost:3003/_next/static/chunks/0rrk_next_dist_0aa54qq._.js:776
[  651100ms] [LOG] [Fast Refresh] done in 3ms @ http://localhost:3003/_next/static/chunks/0rrk_next_dist_0aa54qq._.js:776
[  651267ms] [LOG] [Fast Refresh] done in 3ms @ http://localhost:3003/_next/static/chunks/0rrk_next_dist_0aa54qq._.js:776
[  651510ms] [LOG] [Fast Refresh] done in 3ms @ http://localhost:3003/_next/static/chunks/0rrk_next_dist_0aa54qq._.js:776
[  651557ms] [LOG] [Fast Refresh] done in 3ms @ http://localhost:3003/_next/static/chunks/0rrk_next_dist_0aa54qq._.js:776
[  651745ms] [LOG] [Fast Refresh] done in 3ms @ http://localhost:3003/_next/static/chunks/0rrk_next_dist_0aa54qq._.js:776
[  651787ms] [LOG] [Fast Refresh] done in 3ms @ http://localhost:3003/_next/static/chunks/0rrk_next_dist_0aa54qq._.js:776
[  651995ms] [LOG] [Fast Refresh] done in 3ms @ http://localhost:3003/_next/static/chunks/0rrk_next_dist_0aa54qq._.js:776
[  652145ms] [LOG] [Fast Refresh] done in 3ms @ http://localhost:3003/_next/static/chunks/0rrk_next_dist_0aa54qq._.js:776
[  652293ms] [LOG] [Fast Refresh] done in 3ms @ http://localhost:3003/_next/static/chunks/0rrk_next_dist_0aa54qq._.js:776
[  652331ms] [LOG] [Fast Refresh] done in 3ms @ http://localhost:3003/_next/static/chunks/0rrk_next_dist_0aa54qq._.js:776
[  652616ms] [LOG] [Fast Refresh] done in 3ms @ http://localhost:3003/_next/static/chunks/0rrk_next_dist_0aa54qq._.js:776
[  652669ms] [LOG] [Fast Refresh] done in 3ms @ http://localhost:3003/_next/static/chunks/0rrk_next_dist_0aa54qq._.js:776
[  652878ms] [LOG] [Fast Refresh] done in 3ms @ http://localhost:3003/_next/static/chunks/0rrk_next_dist_0aa54qq._.js:776
[  653768ms] [LOG] [Fast Refresh] done in 3ms @ http://localhost:3003/_next/static/chunks/0rrk_next_dist_0aa54qq._.js:776
[  654163ms] [LOG] [Fast Refresh] done in 3ms @ http://localhost:3003/_next/static/chunks/0rrk_next_dist_0aa54qq._.js:776
[  655307ms] [LOG] [Fast Refresh] done in 61508ms @ http://localhost:3003/_next/static/chunks/0rrk_next_dist_0aa54qq._.js:776
[  667488ms] [LOG] [Fast Refresh] done in 73688ms @ http://localhost:3003/_next/static/chunks/0rrk_next_dist_0aa54qq._.js:776
[  667804ms] [LOG] [Fast Refresh] done in 74036ms @ http://localhost:3003/_next/static/chunks/0rrk_next_dist_0aa54qq._.js:776
[  667834ms] [LOG] [Fast Refresh] done in 74036ms @ http://localhost:3003/_next/static/chunks/0rrk_next_dist_0aa54qq._.js:776
[  668222ms] [LOG] [Fast Refresh] done in 74036ms @ http://localhost:3003/_next/static/chunks/0rrk_next_dist_0aa54qq._.js:776
[  668292ms] [LOG] [Fast Refresh] done in 74036ms @ http://localhost:3003/_next/static/chunks/0rrk_next_dist_0aa54qq._.js:776
[  668696ms] [LOG] [Fast Refresh] done in 74036ms @ http://localhost:3003/_next/static/chunks/0rrk_next_dist_0aa54qq._.js:776
[  668828ms] [LOG] [Fast Refresh] done in 74036ms @ http://localhost:3003/_next/static/chunks/0rrk_next_dist_0aa54qq._.js:776
[  669011ms] [LOG] [Fast Refresh] done in 74036ms @ http://localhost:3003/_next/static/chunks/0rrk_next_dist_0aa54qq._.js:776
[  669111ms] [LOG] [Fast Refresh] done in 74036ms @ http://localhost:3003/_next/static/chunks/0rrk_next_dist_0aa54qq._.js:776
[  669241ms] [LOG] [Fast Refresh] done in 74036ms @ http://localhost:3003/_next/static/chunks/0rrk_next_dist_0aa54qq._.js:776
[  669419ms] [LOG] [Fast Refresh] done in 74036ms @ http://localhost:3003/_next/static/chunks/0rrk_next_dist_0aa54qq._.js:776
[  669520ms] [LOG] [Fast Refresh] done in 74036ms @ http://localhost:3003/_next/static/chunks/0rrk_next_dist_0aa54qq._.js:776
[  669653ms] [LOG] [Fast Refresh] done in 74036ms @ http://localhost:3003/_next/static/chunks/0rrk_next_dist_0aa54qq._.js:776
[  669820ms] [LOG] [Fast Refresh] done in 74036ms @ http://localhost:3003/_next/static/chunks/0rrk_next_dist_0aa54qq._.js:776
[  669863ms] [LOG] [Fast Refresh] done in 74036ms @ http://localhost:3003/_next/static/chunks/0rrk_next_dist_0aa54qq._.js:776
[  669947ms] [LOG] [Fast Refresh] done in 74036ms @ http://localhost:3003/_next/static/chunks/0rrk_next_dist_0aa54qq._.js:776
[  669984ms] [LOG] [Fast Refresh] done in 74036ms @ http://localhost:3003/_next/static/chunks/0rrk_next_dist_0aa54qq._.js:776
[  670095ms] [LOG] [Fast Refresh] done in 74036ms @ http://localhost:3003/_next/static/chunks/0rrk_next_dist_0aa54qq._.js:776
[  670132ms] [LOG] [Fast Refresh] done in 74036ms @ http://localhost:3003/_next/static/chunks/0rrk_next_dist_0aa54qq._.js:776
[  671164ms] [LOG] [Fast Refresh] done in 74036ms @ http://localhost:3003/_next/static/chunks/0rrk_next_dist_0aa54qq._.js:776
[  671208ms] [LOG] [Fast Refresh] done in 74036ms @ http://localhost:3003/_next/static/chunks/0rrk_next_dist_0aa54qq._.js:776
[  671249ms] [LOG] [Fast Refresh] done in 74036ms @ http://localhost:3003/_next/static/chunks/0rrk_next_dist_0aa54qq._.js:776
[  672917ms] [LOG] [Fast Refresh] done in 74036ms @ http://localhost:3003/_next/static/chunks/0rrk_next_dist_0aa54qq._.js:776
[  673141ms] [LOG] [Fast Refresh] done in 74036ms @ http://localhost:3003/_next/static/chunks/0rrk_next_dist_0aa54qq._.js:776
[  673471ms] [LOG] [Fast Refresh] done in 74036ms @ http://localhost:3003/_next/static/chunks/0rrk_next_dist_0aa54qq._.js:776
[  673548ms] [LOG] [Fast Refresh] done in 74036ms @ http://localhost:3003/_next/static/chunks/0rrk_next_dist_0aa54qq._.js:776
[  674086ms] [LOG] [Fast Refresh] done in 74036ms @ http://localhost:3003/_next/static/chunks/0rrk_next_dist_0aa54qq._.js:776
[  674218ms] [LOG] [Fast Refresh] done in 74036ms @ http://localhost:3003/_next/static/chunks/0rrk_next_dist_0aa54qq._.js:776
[  674390ms] [LOG] [Fast Refresh] done in 74036ms @ http://localhost:3003/_next/static/chunks/0rrk_next_dist_0aa54qq._.js:776
[  674572ms] [LOG] [Fast Refresh] done in 74036ms @ http://localhost:3003/_next/static/chunks/0rrk_next_dist_0aa54qq._.js:776
[  674739ms] [LOG] [Fast Refresh] done in 74036ms @ http://localhost:3003/_next/static/chunks/0rrk_next_dist_0aa54qq._.js:776
[  675073ms] [LOG] [Fast Refresh] done in 74036ms @ http://localhost:3003/_next/static/chunks/0rrk_next_dist_0aa54qq._.js:776
[  675203ms] [LOG] [Fast Refresh] done in 74036ms @ http://localhost:3003/_next/static/chunks/0rrk_next_dist_0aa54qq._.js:776
[  675381ms] [LOG] [Fast Refresh] done in 74036ms @ http://localhost:3003/_next/static/chunks/0rrk_next_dist_0aa54qq._.js:776
[  675427ms] [LOG] [Fast Refresh] done in 74036ms @ http://localhost:3003/_next/static/chunks/0rrk_next_dist_0aa54qq._.js:776
[  675541ms] [LOG] [Fast Refresh] done in 74036ms @ http://localhost:3003/_next/static/chunks/0rrk_next_dist_0aa54qq._.js:776
[  681720ms] [LOG] [Fast Refresh] done in 74036ms @ http://localhost:3003/_next/static/chunks/0rrk_next_dist_0aa54qq._.js:776
[  682053ms] [LOG] [Fast Refresh] done in 74036ms @ http://localhost:3003/_next/static/chunks/0rrk_next_dist_0aa54qq._.js:776
[  682442ms] [LOG] [Fast Refresh] done in 74036ms @ http://localhost:3003/_next/static/chunks/0rrk_next_dist_0aa54qq._.js:776
[  682526ms] [LOG] [Fast Refresh] done in 74036ms @ http://localhost:3003/_next/static/chunks/0rrk_next_dist_0aa54qq._.js:776
[  683050ms] [LOG] [Fast Refresh] done in 74036ms @ http://localhost:3003/_next/static/chunks/0rrk_next_dist_0aa54qq._.js:776
[  683187ms] [LOG] [Fast Refresh] done in 74036ms @ http://localhost:3003/_next/static/chunks/0rrk_next_dist_0aa54qq._.js:776
[  683371ms] [LOG] [Fast Refresh] done in 74036ms @ http://localhost:3003/_next/static/chunks/0rrk_next_dist_0aa54qq._.js:776
[  683414ms] [LOG] [Fast Refresh] done in 74036ms @ http://localhost:3003/_next/static/chunks/0rrk_next_dist_0aa54qq._.js:776
[  683481ms] [LOG] [Fast Refresh] done in 74036ms @ http://localhost:3003/_next/static/chunks/0rrk_next_dist_0aa54qq._.js:776
[  683536ms] [LOG] [Fast Refresh] done in 74036ms @ http://localhost:3003/_next/static/chunks/0rrk_next_dist_0aa54qq._.js:776
[  684082ms] [LOG] [Fast Refresh] done in 74036ms @ http://localhost:3003/_next/static/chunks/0rrk_next_dist_0aa54qq._.js:776
[  684367ms] [LOG] [Fast Refresh] done in 74036ms @ http://localhost:3003/_next/static/chunks/0rrk_next_dist_0aa54qq._.js:776
[  684447ms] [LOG] [Fast Refresh] done in 74036ms @ http://localhost:3003/_next/static/chunks/0rrk_next_dist_0aa54qq._.js:776
[  684698ms] [LOG] [Fast Refresh] done in 74036ms @ http://localhost:3003/_next/static/chunks/0rrk_next_dist_0aa54qq._.js:776
[  684865ms] [LOG] [Fast Refresh] done in 74036ms @ http://localhost:3003/_next/static/chunks/0rrk_next_dist_0aa54qq._.js:776
[  684995ms] [LOG] [Fast Refresh] done in 74036ms @ http://localhost:3003/_next/static/chunks/0rrk_next_dist_0aa54qq._.js:776
[  685173ms] [LOG] [Fast Refresh] done in 74036ms @ http://localhost:3003/_next/static/chunks/0rrk_next_dist_0aa54qq._.js:776
[  685273ms] [LOG] [Fast Refresh] done in 74036ms @ http://localhost:3003/_next/static/chunks/0rrk_next_dist_0aa54qq._.js:776
[  685321ms] [LOG] [Fast Refresh] done in 74036ms @ http://localhost:3003/_next/static/chunks/0rrk_next_dist_0aa54qq._.js:776
[  685701ms] [LOG] [Fast Refresh] done in 74036ms @ http://localhost:3003/_next/static/chunks/0rrk_next_dist_0aa54qq._.js:776
[  685786ms] [LOG] [Fast Refresh] done in 74036ms @ http://localhost:3003/_next/static/chunks/0rrk_next_dist_0aa54qq._.js:776
[  685830ms] [LOG] [Fast Refresh] done in 74036ms @ http://localhost:3003/_next/static/chunks/0rrk_next_dist_0aa54qq._.js:776
[  686124ms] [LOG] [Fast Refresh] done in 74036ms @ http://localhost:3003/_next/static/chunks/0rrk_next_dist_0aa54qq._.js:776
[  686499ms] [LOG] [Fast Refresh] done in 74036ms @ http://localhost:3003/_next/static/chunks/0rrk_next_dist_0aa54qq._.js:776
[  686834ms] [LOG] [Fast Refresh] done in 74036ms @ http://localhost:3003/_next/static/chunks/0rrk_next_dist_0aa54qq._.js:776
[  686963ms] [LOG] [Fast Refresh] done in 74036ms @ http://localhost:3003/_next/static/chunks/0rrk_next_dist_0aa54qq._.js:776
[  687139ms] [LOG] [Fast Refresh] done in 74036ms @ http://localhost:3003/_next/static/chunks/0rrk_next_dist_0aa54qq._.js:776
[  687237ms] [LOG] [Fast Refresh] done in 74036ms @ http://localhost:3003/_next/static/chunks/0rrk_next_dist_0aa54qq._.js:776
[  687285ms] [LOG] [Fast Refresh] done in 74036ms @ http://localhost:3003/_next/static/chunks/0rrk_next_dist_0aa54qq._.js:776
[  687482ms] [LOG] [Fast Refresh] done in 74036ms @ http://localhost:3003/_next/static/chunks/0rrk_next_dist_0aa54qq._.js:776
[  687536ms] [LOG] [Fast Refresh] done in 74036ms @ http://localhost:3003/_next/static/chunks/0rrk_next_dist_0aa54qq._.js:776
[  687609ms] [LOG] [Fast Refresh] done in 74036ms @ http://localhost:3003/_next/static/chunks/0rrk_next_dist_0aa54qq._.js:776
[  687810ms] [LOG] [Fast Refresh] done in 74036ms @ http://localhost:3003/_next/static/chunks/0rrk_next_dist_0aa54qq._.js:776
[  687850ms] [LOG] [Fast Refresh] done in 74036ms @ http://localhost:3003/_next/static/chunks/0rrk_next_dist_0aa54qq._.js:776
[  688199ms] [LOG] [Fast Refresh] done in 74036ms @ http://localhost:3003/_next/static/chunks/0rrk_next_dist_0aa54qq._.js:776
[  688328ms] [LOG] [Fast Refresh] done in 74036ms @ http://localhost:3003/_next/static/chunks/0rrk_next_dist_0aa54qq._.js:776
[  688510ms] [LOG] [Fast Refresh] done in 74036ms @ http://localhost:3003/_next/static/chunks/0rrk_next_dist_0aa54qq._.js:776
[  688608ms] [LOG] [Fast Refresh] done in 74036ms @ http://localhost:3003/_next/static/chunks/0rrk_next_dist_0aa54qq._.js:776
[  688655ms] [LOG] [Fast Refresh] done in 74036ms @ http://localhost:3003/_next/static/chunks/0rrk_next_dist_0aa54qq._.js:776
[  688794ms] [LOG] [Fast Refresh] done in 74036ms @ http://localhost:3003/_next/static/chunks/0rrk_next_dist_0aa54qq._.js:776
[  688967ms] [LOG] [Fast Refresh] done in 74036ms @ http://localhost:3003/_next/static/chunks/0rrk_next_dist_0aa54qq._.js:776
[  689105ms] [LOG] [Fast Refresh] done in 74036ms @ http://localhost:3003/_next/static/chunks/0rrk_next_dist_0aa54qq._.js:776
[  689255ms] [LOG] [Fast Refresh] done in 74036ms @ http://localhost:3003/_next/static/chunks/0rrk_next_dist_0aa54qq._.js:776
[  689502ms] [LOG] [Fast Refresh] done in 74036ms @ http://localhost:3003/_next/static/chunks/0rrk_next_dist_0aa54qq._.js:776
[  689550ms] [LOG] [Fast Refresh] done in 74036ms @ http://localhost:3003/_next/static/chunks/0rrk_next_dist_0aa54qq._.js:776
[  689733ms] [LOG] [Fast Refresh] done in 74036ms @ http://localhost:3003/_next/static/chunks/0rrk_next_dist_0aa54qq._.js:776
[  689771ms] [LOG] [Fast Refresh] done in 74036ms @ http://localhost:3003/_next/static/chunks/0rrk_next_dist_0aa54qq._.js:776
[  690001ms] [LOG] [Fast Refresh] done in 74036ms @ http://localhost:3003/_next/static/chunks/0rrk_next_dist_0aa54qq._.js:776
[  690147ms] [LOG] [Fast Refresh] done in 74036ms @ http://localhost:3003/_next/static/chunks/0rrk_next_dist_0aa54qq._.js:776
[  690338ms] [LOG] [Fast Refresh] done in 74036ms @ http://localhost:3003/_next/static/chunks/0rrk_next_dist_0aa54qq._.js:776
[  690373ms] [LOG] [Fast Refresh] done in 74036ms @ http://localhost:3003/_next/static/chunks/0rrk_next_dist_0aa54qq._.js:776
[  690658ms] [LOG] [Fast Refresh] done in 74036ms @ http://localhost:3003/_next/static/chunks/0rrk_next_dist_0aa54qq._.js:776
[  690710ms] [LOG] [Fast Refresh] done in 74036ms @ http://localhost:3003/_next/static/chunks/0rrk_next_dist_0aa54qq._.js:776
[  690916ms] [LOG] [Fast Refresh] done in 74036ms @ http://localhost:3003/_next/static/chunks/0rrk_next_dist_0aa54qq._.js:776
[  691802ms] [LOG] [Fast Refresh] done in 74036ms @ http://localhost:3003/_next/static/chunks/0rrk_next_dist_0aa54qq._.js:776
[  692292ms] [LOG] [Fast Refresh] done in 74036ms @ http://localhost:3003/_next/static/chunks/0rrk_next_dist_0aa54qq._.js:776
[  692427ms] [LOG] [Fast Refresh] done in 74036ms @ http://localhost:3003/_next/static/chunks/0rrk_next_dist_0aa54qq._.js:776
[  692590ms] [LOG] [Fast Refresh] done in 74036ms @ http://localhost:3003/_next/static/chunks/0rrk_next_dist_0aa54qq._.js:776
[  692694ms] [LOG] [Fast Refresh] done in 74036ms @ http://localhost:3003/_next/static/chunks/0rrk_next_dist_0aa54qq._.js:776
[  692883ms] [LOG] [Fast Refresh] done in 74036ms @ http://localhost:3003/_next/static/chunks/0rrk_next_dist_0aa54qq._.js:776
[  693013ms] [LOG] [Fast Refresh] done in 74036ms @ http://localhost:3003/_next/static/chunks/0rrk_next_dist_0aa54qq._.js:776
[  693319ms] [LOG] [Fast Refresh] done in 74036ms @ http://localhost:3003/_next/static/chunks/0rrk_next_dist_0aa54qq._.js:776
[  700276ms] [LOG] [Fast Refresh] done in 74036ms @ http://localhost:3003/_next/static/chunks/0rrk_next_dist_0aa54qq._.js:776
[  700332ms] [LOG] [Fast Refresh] done in 74036ms @ http://localhost:3003/_next/static/chunks/0rrk_next_dist_0aa54qq._.js:776
[  700649ms] [LOG] [Fast Refresh] done in 74036ms @ http://localhost:3003/_next/static/chunks/0rrk_next_dist_0aa54qq._.js:776
[  700785ms] [LOG] [Fast Refresh] done in 74036ms @ http://localhost:3003/_next/static/chunks/0rrk_next_dist_0aa54qq._.js:776
[  701080ms] [LOG] [Fast Refresh] done in 74036ms @ http://localhost:3003/_next/static/chunks/0rrk_next_dist_0aa54qq._.js:776
[  701115ms] [LOG] [Fast Refresh] done in 74036ms @ http://localhost:3003/_next/static/chunks/0rrk_next_dist_0aa54qq._.js:776
[  701295ms] [LOG] [Fast Refresh] done in 74036ms @ http://localhost:3003/_next/static/chunks/0rrk_next_dist_0aa54qq._.js:776
[  701422ms] [LOG] [Fast Refresh] done in 74036ms @ http://localhost:3003/_next/static/chunks/0rrk_next_dist_0aa54qq._.js:776
[  701865ms] [LOG] [Fast Refresh] done in 74036ms @ http://localhost:3003/_next/static/chunks/0rrk_next_dist_0aa54qq._.js:776
[  701950ms] [LOG] [Fast Refresh] done in 74036ms @ http://localhost:3003/_next/static/chunks/0rrk_next_dist_0aa54qq._.js:776
[  702250ms] [LOG] [Fast Refresh] done in 74036ms @ http://localhost:3003/_next/static/chunks/0rrk_next_dist_0aa54qq._.js:776
[  702288ms] [LOG] [Fast Refresh] done in 74036ms @ http://localhost:3003/_next/static/chunks/0rrk_next_dist_0aa54qq._.js:776
[  702582ms] [LOG] [Fast Refresh] done in 74036ms @ http://localhost:3003/_next/static/chunks/0rrk_next_dist_0aa54qq._.js:776
[  702905ms] [LOG] [Fast Refresh] done in 74036ms @ http://localhost:3003/_next/static/chunks/0rrk_next_dist_0aa54qq._.js:776
[  702998ms] [LOG] [Fast Refresh] done in 74036ms @ http://localhost:3003/_next/static/chunks/0rrk_next_dist_0aa54qq._.js:776
[  703496ms] [LOG] [Fast Refresh] done in 74036ms @ http://localhost:3003/_next/static/chunks/0rrk_next_dist_0aa54qq._.js:776
[  703539ms] [LOG] [Fast Refresh] done in 74036ms @ http://localhost:3003/_next/static/chunks/0rrk_next_dist_0aa54qq._.js:776
[  703895ms] [LOG] [Fast Refresh] done in 74036ms @ http://localhost:3003/_next/static/chunks/0rrk_next_dist_0aa54qq._.js:776
[  704352ms] [LOG] [Fast Refresh] done in 74036ms @ http://localhost:3003/_next/static/chunks/0rrk_next_dist_0aa54qq._.js:776
[  704522ms] [LOG] [Fast Refresh] done in 74036ms @ http://localhost:3003/_next/static/chunks/0rrk_next_dist_0aa54qq._.js:776
[  704839ms] [LOG] [Fast Refresh] done in 74036ms @ http://localhost:3003/_next/static/chunks/0rrk_next_dist_0aa54qq._.js:776
[  705145ms] [LOG] [Fast Refresh] done in 74036ms @ http://localhost:3003/_next/static/chunks/0rrk_next_dist_0aa54qq._.js:776
[  705183ms] [LOG] [Fast Refresh] done in 74036ms @ http://localhost:3003/_next/static/chunks/0rrk_next_dist_0aa54qq._.js:776
[  705570ms] [LOG] [Fast Refresh] done in 74036ms @ http://localhost:3003/_next/static/chunks/0rrk_next_dist_0aa54qq._.js:776
[  705655ms] [LOG] [Fast Refresh] done in 74036ms @ http://localhost:3003/_next/static/chunks/0rrk_next_dist_0aa54qq._.js:776
[  707001ms] [LOG] [Fast Refresh] done in 74036ms @ http://localhost:3003/_next/static/chunks/0rrk_next_dist_0aa54qq._.js:776
[  708025ms] [LOG] [Fast Refresh] done in 74036ms @ http://localhost:3003/_next/static/chunks/0rrk_next_dist_0aa54qq._.js:776
[  708061ms] [LOG] [Fast Refresh] done in 74036ms @ http://localhost:3003/_next/static/chunks/0rrk_next_dist_0aa54qq._.js:776
[  708456ms] [LOG] [Fast Refresh] done in 74036ms @ http://localhost:3003/_next/static/chunks/0rrk_next_dist_0aa54qq._.js:776
[  708489ms] [LOG] [Fast Refresh] done in 74036ms @ http://localhost:3003/_next/static/chunks/0rrk_next_dist_0aa54qq._.js:776
[  708753ms] [LOG] [Fast Refresh] done in 74036ms @ http://localhost:3003/_next/static/chunks/0rrk_next_dist_0aa54qq._.js:776
[  709000ms] [LOG] [Fast Refresh] done in 74036ms @ http://localhost:3003/_next/static/chunks/0rrk_next_dist_0aa54qq._.js:776
[  709302ms] [LOG] [Fast Refresh] done in 74036ms @ http://localhost:3003/_next/static/chunks/0rrk_next_dist_0aa54qq._.js:776
[  709629ms] [LOG] [Fast Refresh] done in 74036ms @ http://localhost:3003/_next/static/chunks/0rrk_next_dist_0aa54qq._.js:776
[  709732ms] [LOG] [Fast Refresh] done in 74036ms @ http://localhost:3003/_next/static/chunks/0rrk_next_dist_0aa54qq._.js:776
[  709765ms] [LOG] [Fast Refresh] done in 74036ms @ http://localhost:3003/_next/static/chunks/0rrk_next_dist_0aa54qq._.js:776
[  710084ms] [LOG] [Fast Refresh] done in 74036ms @ http://localhost:3003/_next/static/chunks/0rrk_next_dist_0aa54qq._.js:776
[  710130ms] [LOG] [Fast Refresh] done in 74036ms @ http://localhost:3003/_next/static/chunks/0rrk_next_dist_0aa54qq._.js:776
[  710515ms] [LOG] [Fast Refresh] done in 74036ms @ http://localhost:3003/_next/static/chunks/0rrk_next_dist_0aa54qq._.js:776
[  710606ms] [LOG] [Fast Refresh] done in 74036ms @ http://localhost:3003/_next/static/chunks/0rrk_next_dist_0aa54qq._.js:776
[  710704ms] [LOG] [Fast Refresh] done in 74036ms @ http://localhost:3003/_next/static/chunks/0rrk_next_dist_0aa54qq._.js:776
[  710846ms] [LOG] [Fast Refresh] done in 74036ms @ http://localhost:3003/_next/static/chunks/0rrk_next_dist_0aa54qq._.js:776
[  710883ms] [LOG] [Fast Refresh] done in 74036ms @ http://localhost:3003/_next/static/chunks/0rrk_next_dist_0aa54qq._.js:776
[  710942ms] [LOG] [Fast Refresh] done in 74036ms @ http://localhost:3003/_next/static/chunks/0rrk_next_dist_0aa54qq._.js:776
[  711033ms] [LOG] [Fast Refresh] done in 74036ms @ http://localhost:3003/_next/static/chunks/0rrk_next_dist_0aa54qq._.js:776
[  711079ms] [LOG] [Fast Refresh] done in 74036ms @ http://localhost:3003/_next/static/chunks/0rrk_next_dist_0aa54qq._.js:776
[  711138ms] [LOG] [Fast Refresh] done in 74036ms @ http://localhost:3003/_next/static/chunks/0rrk_next_dist_0aa54qq._.js:776
[  711177ms] [LOG] [Fast Refresh] done in 74036ms @ http://localhost:3003/_next/static/chunks/0rrk_next_dist_0aa54qq._.js:776
[  711227ms] [LOG] [Fast Refresh] done in 74036ms @ http://localhost:3003/_next/static/chunks/0rrk_next_dist_0aa54qq._.js:776
[  711263ms] [LOG] [Fast Refresh] done in 74036ms @ http://localhost:3003/_next/static/chunks/0rrk_next_dist_0aa54qq._.js:776
[  711612ms] [LOG] [Fast Refresh] done in 74036ms @ http://localhost:3003/_next/static/chunks/0rrk_next_dist_0aa54qq._.js:776
[  711644ms] [LOG] [Fast Refresh] done in 74036ms @ http://localhost:3003/_next/static/chunks/0rrk_next_dist_0aa54qq._.js:776
[  711752ms] [LOG] [Fast Refresh] done in 74036ms @ http://localhost:3003/_next/static/chunks/0rrk_next_dist_0aa54qq._.js:776
[  712034ms] [LOG] [Fast Refresh] done in 74036ms @ http://localhost:3003/_next/static/chunks/0rrk_next_dist_0aa54qq._.js:776
[  712109ms] [LOG] [Fast Refresh] done in 74036ms @ http://localhost:3003/_next/static/chunks/0rrk_next_dist_0aa54qq._.js:776
[  712370ms] [LOG] [Fast Refresh] done in 74036ms @ http://localhost:3003/_next/static/chunks/0rrk_next_dist_0aa54qq._.js:776
[  712535ms] [LOG] [Fast Refresh] done in 74036ms @ http://localhost:3003/_next/static/chunks/0rrk_next_dist_0aa54qq._.js:776
[  712670ms] [LOG] [Fast Refresh] done in 74036ms @ http://localhost:3003/_next/static/chunks/0rrk_next_dist_0aa54qq._.js:776
[  712853ms] [LOG] [Fast Refresh] done in 74036ms @ http://localhost:3003/_next/static/chunks/0rrk_next_dist_0aa54qq._.js:776
[  712940ms] [LOG] [Fast Refresh] done in 74036ms @ http://localhost:3003/_next/static/chunks/0rrk_next_dist_0aa54qq._.js:776
[  712982ms] [LOG] [Fast Refresh] done in 74036ms @ http://localhost:3003/_next/static/chunks/0rrk_next_dist_0aa54qq._.js:776
[  713381ms] [LOG] [Fast Refresh] done in 74036ms @ http://localhost:3003/_next/static/chunks/0rrk_next_dist_0aa54qq._.js:776
[  713471ms] [LOG] [Fast Refresh] done in 74036ms @ http://localhost:3003/_next/static/chunks/0rrk_next_dist_0aa54qq._.js:776
[  713518ms] [LOG] [Fast Refresh] done in 74036ms @ http://localhost:3003/_next/static/chunks/0rrk_next_dist_0aa54qq._.js:776
[  713876ms] [LOG] [Fast Refresh] done in 74036ms @ http://localhost:3003/_next/static/chunks/0rrk_next_dist_0aa54qq._.js:776
[  714228ms] [LOG] [Fast Refresh] done in 74036ms @ http://localhost:3003/_next/static/chunks/0rrk_next_dist_0aa54qq._.js:776
[  714263ms] [LOG] [Fast Refresh] done in 74036ms @ http://localhost:3003/_next/static/chunks/0rrk_next_dist_0aa54qq._.js:776
[  714302ms] [LOG] [Fast Refresh] done in 74036ms @ http://localhost:3003/_next/static/chunks/0rrk_next_dist_0aa54qq._.js:776
[  714617ms] [LOG] [Fast Refresh] done in 74036ms @ http://localhost:3003/_next/static/chunks/0rrk_next_dist_0aa54qq._.js:776
[  714750ms] [LOG] [Fast Refresh] done in 74036ms @ http://localhost:3003/_next/static/chunks/0rrk_next_dist_0aa54qq._.js:776
[  714939ms] [LOG] [Fast Refresh] done in 74036ms @ http://localhost:3003/_next/static/chunks/0rrk_next_dist_0aa54qq._.js:776
[  715043ms] [LOG] [Fast Refresh] done in 74036ms @ http://localhost:3003/_next/static/chunks/0rrk_next_dist_0aa54qq._.js:776
[  715094ms] [LOG] [Fast Refresh] done in 74036ms @ http://localhost:3003/_next/static/chunks/0rrk_next_dist_0aa54qq._.js:776
[  715218ms] [LOG] [Fast Refresh] done in 74036ms @ http://localhost:3003/_next/static/chunks/0rrk_next_dist_0aa54qq._.js:776
[  715271ms] [LOG] [Fast Refresh] done in 74036ms @ http://localhost:3003/_next/static/chunks/0rrk_next_dist_0aa54qq._.js:776
[  715341ms] [LOG] [Fast Refresh] done in 74036ms @ http://localhost:3003/_next/static/chunks/0rrk_next_dist_0aa54qq._.js:776
[  715437ms] [LOG] [Fast Refresh] done in 74036ms @ http://localhost:3003/_next/static/chunks/0rrk_next_dist_0aa54qq._.js:776
[  715480ms] [LOG] [Fast Refresh] done in 74036ms @ http://localhost:3003/_next/static/chunks/0rrk_next_dist_0aa54qq._.js:776
[  715656ms] [LOG] [Fast Refresh] done in 74036ms @ http://localhost:3003/_next/static/chunks/0rrk_next_dist_0aa54qq._.js:776
[  715708ms] [LOG] [Fast Refresh] done in 74036ms @ http://localhost:3003/_next/static/chunks/0rrk_next_dist_0aa54qq._.js:776
[  716013ms] [LOG] [Fast Refresh] done in 74036ms @ http://localhost:3003/_next/static/chunks/0rrk_next_dist_0aa54qq._.js:776
[  716051ms] [LOG] [Fast Refresh] done in 74036ms @ http://localhost:3003/_next/static/chunks/0rrk_next_dist_0aa54qq._.js:776
[  716190ms] [LOG] [Fast Refresh] done in 74036ms @ http://localhost:3003/_next/static/chunks/0rrk_next_dist_0aa54qq._.js:776
[  716371ms] [LOG] [Fast Refresh] done in 74036ms @ http://localhost:3003/_next/static/chunks/0rrk_next_dist_0aa54qq._.js:776
[  716472ms] [LOG] [Fast Refresh] done in 74036ms @ http://localhost:3003/_next/static/chunks/0rrk_next_dist_0aa54qq._.js:776
[  716520ms] [LOG] [Fast Refresh] done in 74036ms @ http://localhost:3003/_next/static/chunks/0rrk_next_dist_0aa54qq._.js:776
[  716554ms] [LOG] [Fast Refresh] done in 74036ms @ http://localhost:3003/_next/static/chunks/0rrk_next_dist_0aa54qq._.js:776
[  716679ms] [LOG] [Fast Refresh] done in 74036ms @ http://localhost:3003/_next/static/chunks/0rrk_next_dist_0aa54qq._.js:776
[  716849ms] [LOG] [Fast Refresh] done in 74036ms @ http://localhost:3003/_next/static/chunks/0rrk_next_dist_0aa54qq._.js:776
[  716943ms] [LOG] [Fast Refresh] done in 74036ms @ http://localhost:3003/_next/static/chunks/0rrk_next_dist_0aa54qq._.js:776
[  716994ms] [LOG] [Fast Refresh] done in 74036ms @ http://localhost:3003/_next/static/chunks/0rrk_next_dist_0aa54qq._.js:776
[  717148ms] [LOG] [Fast Refresh] done in 74036ms @ http://localhost:3003/_next/static/chunks/0rrk_next_dist_0aa54qq._.js:776
[  717413ms] [LOG] [Fast Refresh] done in 74036ms @ http://localhost:3003/_next/static/chunks/0rrk_next_dist_0aa54qq._.js:776
[  717460ms] [LOG] [Fast Refresh] done in 74036ms @ http://localhost:3003/_next/static/chunks/0rrk_next_dist_0aa54qq._.js:776
[  717649ms] [LOG] [Fast Refresh] done in 74036ms @ http://localhost:3003/_next/static/chunks/0rrk_next_dist_0aa54qq._.js:776
[  717688ms] [LOG] [Fast Refresh] done in 74036ms @ http://localhost:3003/_next/static/chunks/0rrk_next_dist_0aa54qq._.js:776
[  717878ms] [LOG] [Fast Refresh] done in 74036ms @ http://localhost:3003/_next/static/chunks/0rrk_next_dist_0aa54qq._.js:776
[  717952ms] [LOG] [Fast Refresh] done in 74036ms @ http://localhost:3003/_next/static/chunks/0rrk_next_dist_0aa54qq._.js:776
[  752016ms] [LOG] [Fast Refresh] done in 74036ms @ http://localhost:3003/_next/static/chunks/0rrk_next_dist_0aa54qq._.js:776
[  752151ms] [LOG] [Fast Refresh] done in 74036ms @ http://localhost:3003/_next/static/chunks/0rrk_next_dist_0aa54qq._.js:776
[  752336ms] [LOG] [Fast Refresh] done in 74036ms @ http://localhost:3003/_next/static/chunks/0rrk_next_dist_0aa54qq._.js:776
[  752382ms] [LOG] [Fast Refresh] done in 74036ms @ http://localhost:3003/_next/static/chunks/0rrk_next_dist_0aa54qq._.js:776
[  752443ms] [LOG] [Fast Refresh] done in 74036ms @ http://localhost:3003/_next/static/chunks/0rrk_next_dist_0aa54qq._.js:776
[  752492ms] [LOG] [Fast Refresh] done in 74036ms @ http://localhost:3003/_next/static/chunks/0rrk_next_dist_0aa54qq._.js:776
[  753042ms] [LOG] [Fast Refresh] done in 74036ms @ http://localhost:3003/_next/static/chunks/0rrk_next_dist_0aa54qq._.js:776
[  753323ms] [LOG] [Fast Refresh] done in 74036ms @ http://localhost:3003/_next/static/chunks/0rrk_next_dist_0aa54qq._.js:776
[  753394ms] [LOG] [Fast Refresh] done in 74036ms @ http://localhost:3003/_next/static/chunks/0rrk_next_dist_0aa54qq._.js:776
[  753658ms] [LOG] [Fast Refresh] done in 74036ms @ http://localhost:3003/_next/static/chunks/0rrk_next_dist_0aa54qq._.js:776
[  753833ms] [LOG] [Fast Refresh] done in 74036ms @ http://localhost:3003/_next/static/chunks/0rrk_next_dist_0aa54qq._.js:776
[  753966ms] [LOG] [Fast Refresh] done in 74036ms @ http://localhost:3003/_next/static/chunks/0rrk_next_dist_0aa54qq._.js:776
[  754152ms] [LOG] [Fast Refresh] done in 74036ms @ http://localhost:3003/_next/static/chunks/0rrk_next_dist_0aa54qq._.js:776
[  754254ms] [LOG] [Fast Refresh] done in 74036ms @ http://localhost:3003/_next/static/chunks/0rrk_next_dist_0aa54qq._.js:776
[  754298ms] [LOG] [Fast Refresh] done in 74036ms @ http://localhost:3003/_next/static/chunks/0rrk_next_dist_0aa54qq._.js:776
[  754695ms] [LOG] [Fast Refresh] done in 74036ms @ http://localhost:3003/_next/static/chunks/0rrk_next_dist_0aa54qq._.js:776
[  754785ms] [LOG] [Fast Refresh] done in 74036ms @ http://localhost:3003/_next/static/chunks/0rrk_next_dist_0aa54qq._.js:776
[  754827ms] [LOG] [Fast Refresh] done in 74036ms @ http://localhost:3003/_next/static/chunks/0rrk_next_dist_0aa54qq._.js:776
[  755148ms] [LOG] [Fast Refresh] done in 74036ms @ http://localhost:3003/_next/static/chunks/0rrk_next_dist_0aa54qq._.js:776
[  755180ms] [LOG] [Fast Refresh] done in 74036ms @ http://localhost:3003/_next/static/chunks/0rrk_next_dist_0aa54qq._.js:776
[  755530ms] [LOG] [Fast Refresh] done in 74036ms @ http://localhost:3003/_next/static/chunks/0rrk_next_dist_0aa54qq._.js:776
[  755574ms] [LOG] [Fast Refresh] done in 74036ms @ http://localhost:3003/_next/static/chunks/0rrk_next_dist_0aa54qq._.js:776
[  755904ms] [LOG] [Fast Refresh] done in 74036ms @ http://localhost:3003/_next/static/chunks/0rrk_next_dist_0aa54qq._.js:776
[  756035ms] [LOG] [Fast Refresh] done in 74036ms @ http://localhost:3003/_next/static/chunks/0rrk_next_dist_0aa54qq._.js:776
[  756226ms] [LOG] [Fast Refresh] done in 74036ms @ http://localhost:3003/_next/static/chunks/0rrk_next_dist_0aa54qq._.js:776
[  756325ms] [LOG] [Fast Refresh] done in 74036ms @ http://localhost:3003/_next/static/chunks/0rrk_next_dist_0aa54qq._.js:776
[  756368ms] [LOG] [Fast Refresh] done in 74036ms @ http://localhost:3003/_next/static/chunks/0rrk_next_dist_0aa54qq._.js:776
[  756562ms] [LOG] [Fast Refresh] done in 74036ms @ http://localhost:3003/_next/static/chunks/0rrk_next_dist_0aa54qq._.js:776
[  756617ms] [LOG] [Fast Refresh] done in 74036ms @ http://localhost:3003/_next/static/chunks/0rrk_next_dist_0aa54qq._.js:776
[  756708ms] [LOG] [Fast Refresh] done in 74036ms @ http://localhost:3003/_next/static/chunks/0rrk_next_dist_0aa54qq._.js:776
[  756903ms] [LOG] [Fast Refresh] done in 74036ms @ http://localhost:3003/_next/static/chunks/0rrk_next_dist_0aa54qq._.js:776
[  756944ms] [LOG] [Fast Refresh] done in 74036ms @ http://localhost:3003/_next/static/chunks/0rrk_next_dist_0aa54qq._.js:776
[  757270ms] [LOG] [Fast Refresh] done in 74036ms @ http://localhost:3003/_next/static/chunks/0rrk_next_dist_0aa54qq._.js:776
[  757396ms] [LOG] [Fast Refresh] done in 74036ms @ http://localhost:3003/_next/static/chunks/0rrk_next_dist_0aa54qq._.js:776
[  757579ms] [LOG] [Fast Refresh] done in 74036ms @ http://localhost:3003/_next/static/chunks/0rrk_next_dist_0aa54qq._.js:776
[  757675ms] [LOG] [Fast Refresh] done in 74036ms @ http://localhost:3003/_next/static/chunks/0rrk_next_dist_0aa54qq._.js:776
[  757721ms] [LOG] [Fast Refresh] done in 74036ms @ http://localhost:3003/_next/static/chunks/0rrk_next_dist_0aa54qq._.js:776
[  757865ms] [LOG] [Fast Refresh] done in 74036ms @ http://localhost:3003/_next/static/chunks/0rrk_next_dist_0aa54qq._.js:776
[  758033ms] [LOG] [Fast Refresh] done in 74036ms @ http://localhost:3003/_next/static/chunks/0rrk_next_dist_0aa54qq._.js:776
[  758166ms] [LOG] [Fast Refresh] done in 74036ms @ http://localhost:3003/_next/static/chunks/0rrk_next_dist_0aa54qq._.js:776
[  758306ms] [LOG] [Fast Refresh] done in 74036ms @ http://localhost:3003/_next/static/chunks/0rrk_next_dist_0aa54qq._.js:776
[  758560ms] [LOG] [Fast Refresh] done in 74036ms @ http://localhost:3003/_next/static/chunks/0rrk_next_dist_0aa54qq._.js:776
[  758607ms] [LOG] [Fast Refresh] done in 74036ms @ http://localhost:3003/_next/static/chunks/0rrk_next_dist_0aa54qq._.js:776
[  758791ms] [LOG] [Fast Refresh] done in 74036ms @ http://localhost:3003/_next/static/chunks/0rrk_next_dist_0aa54qq._.js:776
[  758827ms] [LOG] [Fast Refresh] done in 74036ms @ http://localhost:3003/_next/static/chunks/0rrk_next_dist_0aa54qq._.js:776
[  759038ms] [LOG] [Fast Refresh] done in 74036ms @ http://localhost:3003/_next/static/chunks/0rrk_next_dist_0aa54qq._.js:776
[  759190ms] [LOG] [Fast Refresh] done in 74036ms @ http://localhost:3003/_next/static/chunks/0rrk_next_dist_0aa54qq._.js:776
[  759367ms] [LOG] [Fast Refresh] done in 74036ms @ http://localhost:3003/_next/static/chunks/0rrk_next_dist_0aa54qq._.js:776
[  759406ms] [LOG] [Fast Refresh] done in 74036ms @ http://localhost:3003/_next/static/chunks/0rrk_next_dist_0aa54qq._.js:776
[  759689ms] [LOG] [Fast Refresh] done in 74036ms @ http://localhost:3003/_next/static/chunks/0rrk_next_dist_0aa54qq._.js:776
[  759744ms] [LOG] [Fast Refresh] done in 74036ms @ http://localhost:3003/_next/static/chunks/0rrk_next_dist_0aa54qq._.js:776
[  759947ms] [LOG] [Fast Refresh] done in 74036ms @ http://localhost:3003/_next/static/chunks/0rrk_next_dist_0aa54qq._.js:776
[  760830ms] [LOG] [Fast Refresh] done in 74036ms @ http://localhost:3003/_next/static/chunks/0rrk_next_dist_0aa54qq._.js:776
[  761331ms] [LOG] [Fast Refresh] done in 74036ms @ http://localhost:3003/_next/static/chunks/0rrk_next_dist_0aa54qq._.js:776
[  761472ms] [LOG] [Fast Refresh] done in 74036ms @ http://localhost:3003/_next/static/chunks/0rrk_next_dist_0aa54qq._.js:776
[  761596ms] [LOG] [Fast Refresh] done in 74036ms @ http://localhost:3003/_next/static/chunks/0rrk_next_dist_0aa54qq._.js:776
[  761660ms] [LOG] [Fast Refresh] done in 74036ms @ http://localhost:3003/_next/static/chunks/0rrk_next_dist_0aa54qq._.js:776
[  761758ms] [LOG] [Fast Refresh] done in 74036ms @ http://localhost:3003/_next/static/chunks/0rrk_next_dist_0aa54qq._.js:776
[  761800ms] [LOG] [Fast Refresh] done in 74036ms @ http://localhost:3003/_next/static/chunks/0rrk_next_dist_0aa54qq._.js:776
[  761897ms] [LOG] [Fast Refresh] done in 74036ms @ http://localhost:3003/_next/static/chunks/0rrk_next_dist_0aa54qq._.js:776
[  762029ms] [LOG] [Fast Refresh] done in 74036ms @ http://localhost:3003/_next/static/chunks/0rrk_next_dist_0aa54qq._.js:776
[  762062ms] [LOG] [Fast Refresh] done in 74036ms @ http://localhost:3003/_next/static/chunks/0rrk_next_dist_0aa54qq._.js:776
[  762227ms] [LOG] [Fast Refresh] done in 74036ms @ http://localhost:3003/_next/static/chunks/0rrk_next_dist_0aa54qq._.js:776
[  762363ms] [LOG] [Fast Refresh] done in 74036ms @ http://localhost:3003/_next/static/chunks/0rrk_next_dist_0aa54qq._.js:776
[  762805ms] [LOG] [Fast Refresh] done in 74036ms @ http://localhost:3003/_next/static/chunks/0rrk_next_dist_0aa54qq._.js:776
[  762889ms] [LOG] [Fast Refresh] done in 74036ms @ http://localhost:3003/_next/static/chunks/0rrk_next_dist_0aa54qq._.js:776
[  763170ms] [LOG] [Fast Refresh] done in 74036ms @ http://localhost:3003/_next/static/chunks/0rrk_next_dist_0aa54qq._.js:776
[  763203ms] [LOG] [Fast Refresh] done in 74036ms @ http://localhost:3003/_next/static/chunks/0rrk_next_dist_0aa54qq._.js:776
[  763511ms] [LOG] [Fast Refresh] done in 74036ms @ http://localhost:3003/_next/static/chunks/0rrk_next_dist_0aa54qq._.js:776
[  763852ms] [LOG] [Fast Refresh] done in 74036ms @ http://localhost:3003/_next/static/chunks/0rrk_next_dist_0aa54qq._.js:776
[  763919ms] [LOG] [Fast Refresh] done in 74036ms @ http://localhost:3003/_next/static/chunks/0rrk_next_dist_0aa54qq._.js:776
[  764437ms] [LOG] [Fast Refresh] done in 74036ms @ http://localhost:3003/_next/static/chunks/0rrk_next_dist_0aa54qq._.js:776
[  764472ms] [LOG] [Fast Refresh] done in 74036ms @ http://localhost:3003/_next/static/chunks/0rrk_next_dist_0aa54qq._.js:776
[  764818ms] [LOG] [Fast Refresh] done in 74036ms @ http://localhost:3003/_next/static/chunks/0rrk_next_dist_0aa54qq._.js:776
[  765276ms] [LOG] [Fast Refresh] done in 74036ms @ http://localhost:3003/_next/static/chunks/0rrk_next_dist_0aa54qq._.js:776
[  765316ms] [LOG] [Fast Refresh] done in 74036ms @ http://localhost:3003/_next/static/chunks/0rrk_next_dist_0aa54qq._.js:776
[  765609ms] [LOG] [Fast Refresh] done in 74036ms @ http://localhost:3003/_next/static/chunks/0rrk_next_dist_0aa54qq._.js:776
[  765647ms] [LOG] [Fast Refresh] done in 74036ms @ http://localhost:3003/_next/static/chunks/0rrk_next_dist_0aa54qq._.js:776
[  765986ms] [LOG] [Fast Refresh] done in 74036ms @ http://localhost:3003/_next/static/chunks/0rrk_next_dist_0aa54qq._.js:776
[  766364ms] [LOG] [Fast Refresh] done in 74036ms @ http://localhost:3003/_next/static/chunks/0rrk_next_dist_0aa54qq._.js:776
[  766432ms] [LOG] [Fast Refresh] done in 74036ms @ http://localhost:3003/_next/static/chunks/0rrk_next_dist_0aa54qq._.js:776
[  768374ms] [ERROR] WebSocket connection to 'ws://localhost:3003/_next/hmr?id=--cvxa6dygSYxreBaKW0S' failed: Error in connection establishment: net::ERR_CONNECTION_REFUSED @ http://localhost:3003/_next/static/chunks/0rrk_next_dist_client_0xnce49._.js:16348
[  769377ms] [ERROR] WebSocket connection to 'ws://localhost:3003/_next/hmr?id=--cvxa6dygSYxreBaKW0S' failed: Error in connection establishment: net::ERR_CONNECTION_REFUSED @ http://localhost:3003/_next/static/chunks/0rrk_next_dist_client_0xnce49._.js:16348
[  770380ms] [ERROR] WebSocket connection to 'ws://localhost:3003/_next/hmr?id=--cvxa6dygSYxreBaKW0S' failed: Error in connection establishment: net::ERR_CONNECTION_REFUSED @ http://localhost:3003/_next/static/chunks/0rrk_next_dist_client_0xnce49._.js:16348
[  771384ms] [ERROR] WebSocket connection to 'ws://localhost:3003/_next/hmr?id=--cvxa6dygSYxreBaKW0S' failed: Error in connection establishment: net::ERR_CONNECTION_REFUSED @ http://localhost:3003/_next/static/chunks/0rrk_next_dist_client_0xnce49._.js:16348
[  772387ms] [ERROR] WebSocket connection to 'ws://localhost:3003/_next/hmr?id=--cvxa6dygSYxreBaKW0S' failed: Error in connection establishment: net::ERR_CONNECTION_REFUSED @ http://localhost:3003/_next/static/chunks/0rrk_next_dist_client_0xnce49._.js:16348
[  777393ms] [ERROR] WebSocket connection to 'ws://localhost:3003/_next/hmr?id=--cvxa6dygSYxreBaKW0S' failed: Error in connection establishment: net::ERR_CONNECTION_REFUSED @ http://localhost:3003/_next/static/chunks/0rrk_next_dist_client_0xnce49._.js:16348
[  782407ms] [ERROR] WebSocket connection to 'ws://localhost:3003/_next/hmr?id=--cvxa6dygSYxreBaKW0S' failed: Error in connection establishment: net::ERR_CONNECTION_REFUSED @ http://localhost:3003/_next/static/chunks/0rrk_next_dist_client_0xnce49._.js:16348
[  787429ms] [ERROR] WebSocket connection to 'ws://localhost:3003/_next/hmr?id=--cvxa6dygSYxreBaKW0S' failed: Error in connection establishment: net::ERR_CONNECTION_REFUSED @ http://localhost:3003/_next/static/chunks/0rrk_next_dist_client_0xnce49._.js:16348
[  792443ms] [ERROR] WebSocket connection to 'ws://localhost:3003/_next/hmr?id=--cvxa6dygSYxreBaKW0S' failed: Error in connection establishment: net::ERR_CONNECTION_REFUSED @ http://localhost:3003/_next/static/chunks/0rrk_next_dist_client_0xnce49._.js:16348
[  797482ms] [ERROR] WebSocket connection to 'ws://localhost:3003/_next/hmr?id=--cvxa6dygSYxreBaKW0S' failed: Error in connection establishment: net::ERR_CONNECTION_REFUSED @ http://localhost:3003/_next/static/chunks/0rrk_next_dist_client_0xnce49._.js:16348
[  802552ms] [ERROR] WebSocket connection to 'ws://localhost:3003/_next/hmr?id=--cvxa6dygSYxreBaKW0S' failed: Error in connection establishment: net::ERR_CONNECTION_REFUSED @ http://localhost:3003/_next/static/chunks/0rrk_next_dist_client_0xnce49._.js:16348
[  807620ms] [ERROR] WebSocket connection to 'ws://localhost:3003/_next/hmr?id=--cvxa6dygSYxreBaKW0S' failed: Error in connection establishment: net::ERR_CONNECTION_REFUSED @ http://localhost:3003/_next/static/chunks/0rrk_next_dist_client_0xnce49._.js:16348
[ 1203737ms] [INFO] %cDownload the React DevTools for a better development experience: https://react.dev/link/react-devtools font-weight:bold @ http://localhost:3003/_next/static/chunks/0rrk_next_dist_0aa54qq._.js:776
[ 1203747ms] [LOG] [HMR] connected @ http://localhost:3003/_next/static/chunks/0rrk_next_dist_0aa54qq._.js:776
[ 1203757ms] [WARNING] GoTrueClient@sb-127-auth-token:1 (2.116.0) 2026-09-20T09:30:08.250Z Multiple GoTrueClient instances detected in the same browser context. It is not an error, but this should be avoided as it may produce undefined behavior when used concurrently under the same storage key. @ http://localhost:3003/_next/static/chunks/0rrk_next_dist_0aa54qq._.js:776
[ 1313612ms] [LOG] [Fast Refresh] rebuilding @ http://localhost:3003/_next/static/chunks/0rrk_next_dist_0aa54qq._.js:776
[ 1313669ms] [LOG] [Fast Refresh] done in 159ms @ http://localhost:3003/_next/static/chunks/0rrk_next_dist_0aa54qq._.js:776
[ 1335679ms] [LOG] [Fast Refresh] done in 22103ms @ http://localhost:3003/_next/static/chunks/0rrk_next_dist_0aa54qq._.js:776
[ 1336613ms] [LOG] [Fast Refresh] done in 22103ms @ http://localhost:3003/_next/static/chunks/0rrk_next_dist_0aa54qq._.js:776
[ 1336746ms] [LOG] [Fast Refresh] done in 22103ms @ http://localhost:3003/_next/static/chunks/0rrk_next_dist_0aa54qq._.js:776
[ 1336932ms] [LOG] [Fast Refresh] done in 22103ms @ http://localhost:3003/_next/static/chunks/0rrk_next_dist_0aa54qq._.js:776
[ 1337038ms] [LOG] [Fast Refresh] done in 22103ms @ http://localhost:3003/_next/static/chunks/0rrk_next_dist_0aa54qq._.js:776
[ 1337077ms] [LOG] [Fast Refresh] done in 22103ms @ http://localhost:3003/_next/static/chunks/0rrk_next_dist_0aa54qq._.js:776
[ 1337483ms] [LOG] [Fast Refresh] done in 22103ms @ http://localhost:3003/_next/static/chunks/0rrk_next_dist_0aa54qq._.js:776
[ 1337515ms] [LOG] [Fast Refresh] done in 22103ms @ http://localhost:3003/_next/static/chunks/0rrk_next_dist_0aa54qq._.js:776
[ 1337940ms] [LOG] [Fast Refresh] done in 22103ms @ http://localhost:3003/_next/static/chunks/0rrk_next_dist_0aa54qq._.js:776
[ 1353722ms] [LOG] [Fast Refresh] done in 22103ms @ http://localhost:3003/_next/static/chunks/0rrk_next_dist_0aa54qq._.js:776
[ 1354169ms] [LOG] [Fast Refresh] done in 22103ms @ http://localhost:3003/_next/static/chunks/0rrk_next_dist_0aa54qq._.js:776
[ 1354301ms] [LOG] [Fast Refresh] done in 22103ms @ http://localhost:3003/_next/static/chunks/0rrk_next_dist_0aa54qq._.js:776
[ 1354468ms] [LOG] [Fast Refresh] done in 22103ms @ http://localhost:3003/_next/static/chunks/0rrk_next_dist_0aa54qq._.js:776
[ 1354575ms] [LOG] [Fast Refresh] done in 22103ms @ http://localhost:3003/_next/static/chunks/0rrk_next_dist_0aa54qq._.js:776
[ 1354619ms] [LOG] [Fast Refresh] done in 22103ms @ http://localhost:3003/_next/static/chunks/0rrk_next_dist_0aa54qq._.js:776
[ 1357520ms] [LOG] [Fast Refresh] done in 43974ms @ http://localhost:3003/_next/static/chunks/0rrk_next_dist_0aa54qq._.js:776
[ 1369067ms] [LOG] [Fast Refresh] done in 43974ms @ http://localhost:3003/_next/static/chunks/0rrk_next_dist_0aa54qq._.js:776
[ 1369829ms] [LOG] [Fast Refresh] done in 43974ms @ http://localhost:3003/_next/static/chunks/0rrk_next_dist_0aa54qq._.js:776
[ 1372341ms] [LOG] [Fast Refresh] done in 58796ms @ http://localhost:3003/_next/static/chunks/0rrk_next_dist_0aa54qq._.js:776
[ 1377639ms] [LOG] [Fast Refresh] done in 58796ms @ http://localhost:3003/_next/static/chunks/0rrk_next_dist_0aa54qq._.js:776
[ 1377956ms] [LOG] [Fast Refresh] done in 58796ms @ http://localhost:3003/_next/static/chunks/0rrk_next_dist_0aa54qq._.js:776
[ 1384172ms] [LOG] [Fast Refresh] done in 70623ms @ http://localhost:3003/_next/static/chunks/0rrk_next_dist_0aa54qq._.js:776
[ 1385107ms] [LOG] [Fast Refresh] done in 70623ms @ http://localhost:3003/_next/static/chunks/0rrk_next_dist_0aa54qq._.js:776
[ 1385264ms] [LOG] [Fast Refresh] done in 70623ms @ http://localhost:3003/_next/static/chunks/0rrk_next_dist_0aa54qq._.js:776
[ 1385454ms] [LOG] [Fast Refresh] done in 70623ms @ http://localhost:3003/_next/static/chunks/0rrk_next_dist_0aa54qq._.js:776
[ 1385560ms] [LOG] [Fast Refresh] done in 70623ms @ http://localhost:3003/_next/static/chunks/0rrk_next_dist_0aa54qq._.js:776
[ 1385607ms] [LOG] [Fast Refresh] done in 70623ms @ http://localhost:3003/_next/static/chunks/0rrk_next_dist_0aa54qq._.js:776
[ 1426506ms] [LOG] [Fast Refresh] done in 70623ms @ http://localhost:3003/_next/static/chunks/0rrk_next_dist_0aa54qq._.js:776
[ 1427477ms] [LOG] [Fast Refresh] done in 70623ms @ http://localhost:3003/_next/static/chunks/0rrk_next_dist_0aa54qq._.js:776
[ 1427612ms] [LOG] [Fast Refresh] done in 70623ms @ http://localhost:3003/_next/static/chunks/0rrk_next_dist_0aa54qq._.js:776
[ 1427797ms] [LOG] [Fast Refresh] done in 70623ms @ http://localhost:3003/_next/static/chunks/0rrk_next_dist_0aa54qq._.js:776
[ 1427904ms] [LOG] [Fast Refresh] done in 70623ms @ http://localhost:3003/_next/static/chunks/0rrk_next_dist_0aa54qq._.js:776
[ 1427948ms] [LOG] [Fast Refresh] done in 70623ms @ http://localhost:3003/_next/static/chunks/0rrk_next_dist_0aa54qq._.js:776
[ 1429108ms] [LOG] [Fast Refresh] done in 70623ms @ http://localhost:3003/_next/static/chunks/0rrk_next_dist_0aa54qq._.js:776
[ 1429247ms] [LOG] [Fast Refresh] done in 70623ms @ http://localhost:3003/_next/static/chunks/0rrk_next_dist_0aa54qq._.js:776
[ 1429426ms] [LOG] [Fast Refresh] done in 70623ms @ http://localhost:3003/_next/static/chunks/0rrk_next_dist_0aa54qq._.js:776
[ 1429472ms] [LOG] [Fast Refresh] done in 70623ms @ http://localhost:3003/_next/static/chunks/0rrk_next_dist_0aa54qq._.js:776
[ 1429528ms] [LOG] [Fast Refresh] done in 70623ms @ http://localhost:3003/_next/static/chunks/0rrk_next_dist_0aa54qq._.js:776
[ 1429579ms] [LOG] [Fast Refresh] done in 70623ms @ http://localhost:3003/_next/static/chunks/0rrk_next_dist_0aa54qq._.js:776
[ 1429842ms] [LOG] [Fast Refresh] done in 70623ms @ http://localhost:3003/_next/static/chunks/0rrk_next_dist_0aa54qq._.js:776
[ 1429875ms] [LOG] [Fast Refresh] done in 70623ms @ http://localhost:3003/_next/static/chunks/0rrk_next_dist_0aa54qq._.js:776
[ 1429986ms] [LOG] [Fast Refresh] done in 70623ms @ http://localhost:3003/_next/static/chunks/0rrk_next_dist_0aa54qq._.js:776
[ 1430060ms] [LOG] [Fast Refresh] done in 70623ms @ http://localhost:3003/_next/static/chunks/0rrk_next_dist_0aa54qq._.js:776
[ 1430203ms] [LOG] [Fast Refresh] done in 70623ms @ http://localhost:3003/_next/static/chunks/0rrk_next_dist_0aa54qq._.js:776
[ 1430272ms] [LOG] [Fast Refresh] done in 70623ms @ http://localhost:3003/_next/static/chunks/0rrk_next_dist_0aa54qq._.js:776
[ 1430406ms] [LOG] [Fast Refresh] done in 70623ms @ http://localhost:3003/_next/static/chunks/0rrk_next_dist_0aa54qq._.js:776
[ 1430451ms] [LOG] [Fast Refresh] done in 70623ms @ http://localhost:3003/_next/static/chunks/0rrk_next_dist_0aa54qq._.js:776
[ 1431388ms] [LOG] [Fast Refresh] done in 70623ms @ http://localhost:3003/_next/static/chunks/0rrk_next_dist_0aa54qq._.js:776
[ 1453295ms] [LOG] [Fast Refresh] rebuilding @ http://localhost:3003/_next/static/chunks/0rrk_next_dist_0aa54qq._.js:776
[ 1453341ms] [LOG] [Fast Refresh] done in 89ms @ http://localhost:3003/_next/static/chunks/0rrk_next_dist_0aa54qq._.js:776
[ 1453502ms] [LOG] [Fast Refresh] done in 89ms @ http://localhost:3003/_next/static/chunks/0rrk_next_dist_0aa54qq._.js:776
[ 1516376ms] [LOG] [Fast Refresh] rebuilding @ http://localhost:3003/_next/static/chunks/0rrk_next_dist_0aa54qq._.js:776
[ 1516430ms] [WARNING] Image with src "/brand/logo.webp" was detected as the Largest Contentful Paint (LCP). Please add the `loading="eager"` property if this image is above the fold.
Read more: https://nextjs.org/docs/app/api-reference/components/image#loading @ http://localhost:3003/_next/static/chunks/0rrk_next_dist_0aa54qq._.js:776
[ 1516432ms] [LOG] [Fast Refresh] done in 51ms @ http://localhost:3003/_next/static/chunks/0rrk_next_dist_0aa54qq._.js:776
[ 1516465ms] [LOG] [Fast Refresh] done in 51ms @ http://localhost:3003/_next/static/chunks/0rrk_next_dist_0aa54qq._.js:776
[ 1530038ms] [LOG] [Fast Refresh] done in 51ms @ http://localhost:3003/_next/static/chunks/0rrk_next_dist_0aa54qq._.js:776
[ 1530356ms] [LOG] [Fast Refresh] done in 13973ms @ http://localhost:3003/_next/static/chunks/0rrk_next_dist_0aa54qq._.js:776
[ 1530394ms] [LOG] [Fast Refresh] done in 13973ms @ http://localhost:3003/_next/static/chunks/0rrk_next_dist_0aa54qq._.js:776
[ 1545024ms] [LOG] [Fast Refresh] done in 13973ms @ http://localhost:3003/_next/static/chunks/0rrk_next_dist_0aa54qq._.js:776
[ 1556644ms] [LOG] [Fast Refresh] done in 13973ms @ http://localhost:3003/_next/static/chunks/0rrk_next_dist_0aa54qq._.js:776
[ 1592306ms] [LOG] [Fast Refresh] done in 13973ms @ http://localhost:3003/_next/static/chunks/0rrk_next_dist_0aa54qq._.js:776
[ 1597513ms] [LOG] [Fast Refresh] rebuilding @ http://localhost:3003/_next/static/chunks/0rrk_next_dist_0aa54qq._.js:776
[ 1597545ms] [LOG] [Fast Refresh] done in 2ms @ http://localhost:3003/_next/static/chunks/0rrk_next_dist_0aa54qq._.js:776
[ 1602907ms] [LOG] [Fast Refresh] done in 2ms @ http://localhost:3003/_next/static/chunks/0rrk_next_dist_0aa54qq._.js:776
[ 1611815ms] [LOG] [Fast Refresh] done in 14267ms @ http://localhost:3003/_next/static/chunks/0rrk_next_dist_0aa54qq._.js:776
[ 1644943ms] [LOG] [Fast Refresh] done in 47367ms @ http://localhost:3003/_next/static/chunks/0rrk_next_dist_0aa54qq._.js:776
[ 1645012ms] [LOG] [Fast Refresh] done in 47367ms @ http://localhost:3003/_next/static/chunks/0rrk_next_dist_0aa54qq._.js:776
[ 1663673ms] [LOG] [Fast Refresh] done in 47367ms @ http://localhost:3003/_next/static/chunks/0rrk_next_dist_0aa54qq._.js:776
[ 1748026ms] [ERROR] WebSocket connection to 'ws://localhost:3003/_next/hmr?id=jhMVXKIwExdSiC40zSdOT' failed: Connection closed before receiving a handshake response @ http://localhost:3003/_next/static/chunks/0rrk_next_dist_client_0xnce49._.js:16348
[ 1971410ms] [WARNING] The resource http://localhost:3003/_next/static/chunks/1d7mpnm0imn69.css was preloaded using link preload but not used within a few seconds from the window's load event. Please make sure it has an appropriate `as` value and it is preloaded intentionally. @ http://localhost:3003/clients/10a69063-0151-b8c8-9584-2bfef7fe5f43/board:0
[ 1983438ms] [WARNING] The resource http://localhost:3003/_next/static/chunks/1d7mpnm0imn69.css was preloaded using link preload but not used within a few seconds from the window's load event. Please make sure it has an appropriate `as` value and it is preloaded intentionally. @ http://localhost:3003/clients/f69a2150-613b-3883-906c-738e84007117/board:0
[ 2303776ms] [WARNING] The resource http://localhost:3003/_next/static/chunks/1d7mpnm0imn69.css was preloaded using link preload but not used within a few seconds from the window's load event. Please make sure it has an appropriate `as` value and it is preloaded intentionally. @ http://localhost:3003/clients/f69a2150-613b-3883-906c-738e84007117/board:0
[ 2376365ms] [WARNING] The resource http://localhost:3003/_next/static/chunks/1d7mpnm0imn69.css was preloaded using link preload but not used within a few seconds from the window's load event. Please make sure it has an appropriate `as` value and it is preloaded intentionally. @ http://localhost:3003/clients/f69a2150-613b-3883-906c-738e84007117/board:0
[ 2613666ms] [WARNING] The resource http://localhost:3003/_next/static/chunks/1d7mpnm0imn69.css was preloaded using link preload but not used within a few seconds from the window's load event. Please make sure it has an appropriate `as` value and it is preloaded intentionally. @ http://localhost:3003/clients/f69a2150-613b-3883-906c-738e84007117/board:0
[ 2642061ms] [WARNING] The resource http://localhost:3003/_next/static/chunks/1d7mpnm0imn69.css was preloaded using link preload but not used within a few seconds from the window's load event. Please make sure it has an appropriate `as` value and it is preloaded intentionally. @ http://localhost:3003/clients/f69a2150-613b-3883-906c-738e84007117/board:0
[ 2795175ms] [WARNING] The resource http://localhost:3003/_next/static/chunks/1d7mpnm0imn69.css was preloaded using link preload but not used within a few seconds from the window's load event. Please make sure it has an appropriate `as` value and it is preloaded intentionally. @ http://localhost:3003/clients/f69a2150-613b-3883-906c-738e84007117/board:0
[ 2804718ms] [WARNING] The resource http://localhost:3003/_next/static/chunks/1d7mpnm0imn69.css was preloaded using link preload but not used within a few seconds from the window's load event. Please make sure it has an appropriate `as` value and it is preloaded intentionally. @ http://localhost:3003/clients/f69a2150-613b-3883-906c-738e84007117/briefings:0
[ 2825433ms] [WARNING] The resource http://localhost:3003/_next/static/chunks/1d7mpnm0imn69.css was preloaded using link preload but not used within a few seconds from the window's load event. Please make sure it has an appropriate `as` value and it is preloaded intentionally. @ http://localhost:3003/clients/f69a2150-613b-3883-906c-738e84007117/brand/overview:0
[ 2829145ms] [WARNING] The resource http://localhost:3003/_next/static/chunks/1d7mpnm0imn69.css was preloaded using link preload but not used within a few seconds from the window's load event. Please make sure it has an appropriate `as` value and it is preloaded intentionally. @ http://localhost:3003/clients/f69a2150-613b-3883-906c-738e84007117/brand/assets:0
[ 2845733ms] [WARNING] The resource http://localhost:3003/_next/static/chunks/1d7mpnm0imn69.css was preloaded using link preload but not used within a few seconds from the window's load event. Please make sure it has an appropriate `as` value and it is preloaded intentionally. @ http://localhost:3003/clients/f69a2150-613b-3883-906c-738e84007117/brand/overview:0
[ 2854532ms] [WARNING] The resource http://localhost:3003/_next/static/chunks/1d7mpnm0imn69.css was preloaded using link preload but not used within a few seconds from the window's load event. Please make sure it has an appropriate `as` value and it is preloaded intentionally. @ http://localhost:3003/clients/f69a2150-613b-3883-906c-738e84007117/brand/messaging:0
[ 2866170ms] [WARNING] The resource http://localhost:3003/_next/static/chunks/1d7mpnm0imn69.css was preloaded using link preload but not used within a few seconds from the window's load event. Please make sure it has an appropriate `as` value and it is preloaded intentionally. @ http://localhost:3003/clients/f69a2150-613b-3883-906c-738e84007117/board:0
