perfil,secao,arquivo,descricao,rota,navegacao,continuacao_de
Agência,01-home-e-globais,01-agencia/01-home-e-globais/01-home--scroll-01.png,Visão inicial de trabalho e projetos.,#/home,Home,01-agencia/01-home-e-globais/01-home
Agência,01-home-e-globais,01-agencia/01-home-e-globais/01-home.png,Visão inicial de trabalho e projetos.,#/home,Home,
Agência,01-home-e-globais,01-agencia/01-home-e-globais/02-search--scroll-01.png,Busca global restrita ao perfil.,#/home,Search,01-agencia/01-home-e-globais/02-search
Agência,01-home-e-globais,01-agencia/01-home-e-globais/02-search--scroll-02.png,Busca global restrita ao perfil.,#/home,Search,01-agencia/01-home-e-globais/02-search
Agência,01-home-e-globais,01-agencia/01-home-e-globais/02-search--scroll-03.png,Busca global restrita ao perfil.,#/home,Search,01-agencia/01-home-e-globais/02-search
Agência,01-home-e-globais,01-agencia/01-home-e-globais/02-search.png,Busca global restrita ao perfil.,#/home,Search,
Agência,01-home-e-globais,01-agencia/01-home-e-globais/03-search-resultados.png,Resultados para Instagram.,#/home,Search → Pesquisar Instagram,
Agência,01-home-e-globais,01-agencia/01-home-e-globais/04-search-sem-resultados.png,Estado sem correspondências.,#/home,Search → Pesquisar termo inexistente,
Agência,01-home-e-globais,01-agencia/01-home-e-globais/05-notificacoes.png,Atualizações disponíveis ao perfil.,#/home,Sino de notificações,
Agência,01-home-e-globais,01-agencia/01-home-e-globais/06-conta.png,Ações da conta da agência.,#/home,Wendley Wilson,
Agência,01-home-e-globais,01-agencia/01-home-e-globais/07-ajuda.png,Mapa de navegação do protótipo.,#/home,Conta → Explore the prototype,
Agência,01-home-e-globais,01-agencia/01-home-e-globais/08-reset-confirmacao.png,Confirmação de reset da sessão.,#/home,Ajuda → Reset preview,
Agência,01-home-e-globais,01-agencia/01-home-e-globais/09-link-indisponivel.png,Link de projeto de sessão anterior ou inexistente.,#/project/session-expired,Abrir link de projeto inválido,
Agência,02-board,01-agencia/02-board/01-canvas--scroll-01.png,"Board com planejamento, campanhas e projetos.",#/client/sabre/board,Board,01-agencia/02-board/01-canvas
Agência,02-board,01-agencia/02-board/01-canvas--scroll-02.png,"Board com planejamento, campanhas e projetos.",#/client/sabre/board,Board,01-agencia/02-board/01-canvas
Agência,02-board,01-agencia/02-board/01-canvas--scroll-03.png,"Board com planejamento, campanhas e projetos.",#/client/sabre/board,Board,01-agencia/02-board/01-canvas
Agência,02-board,01-agencia/02-board/01-canvas.png,"Board com planejamento, campanhas e projetos.",#/client/sabre/board,Board,
Agência,02-board,01-agencia/02-board/02-timeline-proxima-semana.png,Navegação de período da timeline.,#/client/sabre/board,Board → Next week,
Agência,02-board,01-agencia/02-board/03-kanban--scroll-01.png,Projetos por status; alterações de produção disponíveis conforme perfil.,#/client/sabre/board,Board → Kanban,01-agencia/02-board/03-kanban
Agência,02-board,01-agencia/02-board/03-kanban--scroll-02.png,Projetos por status; alterações de produção disponíveis conforme perfil.,#/client/sabre/board,Board → Kanban,01-agencia/02-board/03-kanban
Agência,02-board,01-agencia/02-board/03-kanban--scroll-03.png,Projetos por status; alterações de produção disponíveis conforme perfil.,#/client/sabre/board,Board → Kanban,01-agencia/02-board/03-kanban
Agência,02-board,01-agencia/02-board/03-kanban.png,Projetos por status; alterações de produção disponíveis conforme perfil.,#/client/sabre/board,Board → Kanban,
Agência,02-board,01-agencia/02-board/04-kanban-colunas-finais.png,Continuação horizontal do kanban.,#/client/sabre/board,Board → Kanban → Rolar para direita,
Agência,02-board,01-agencia/02-board/05-planning-recolhido--scroll-01.png,Campanhas com planejamento recolhido.,#/client/sabre/board,Board → Recolher Planning,01-agencia/02-board/05-planning-recolhido
Agência,02-board,01-agencia/02-board/05-planning-recolhido.png,Campanhas com planejamento recolhido.,#/client/sabre/board,Board → Recolher Planning,
Agência,02-board,01-agencia/02-board/06-lista.png,Board em tabela.,#/client/sabre/board,Board → List view,
Agência,02-board,01-agencia/02-board/07-filtro-status.png,Lista filtrada por status Approved.,#/client/sabre/board,Board → List view → Status: Approved,
Agência,02-board,01-agencia/02-board/08-sem-resultados.png,Board vazio por busca e filtro.,#/client/sabre/board,Board → Pesquisar termo inexistente,
Agência,02-board,01-agencia/02-board/09-nova-campanha.png,Formulário para criar campanha.,#/client/sabre/board,Board → Add campaign,
Agência,02-board,01-agencia/02-board/10-campanha-criada-vazia.png,"Campanha criada, ainda sem projetos.",#/client/preview-c31adb0a/board,Novo cliente → Add campaign → Create campaign,
Agência,03-projeto,01-agencia/03-projeto/01-formatos-versoes.png,Colunas de formato com versões e designs.,#/project/summer-0,Board → Abrir Instagram Ads,
Agência,03-projeto,01-agencia/03-projeto/02-filtro-formato.png,Filtro para uma entrega específica.,#/project/summer-0,Projeto → All deliverables → Story,
Agência,03-projeto,01-agencia/03-projeto/03-detalhes.png,Painel lateral de propriedades do projeto.,#/project/summer-0,Projeto → Project details,
Agência,03-projeto,01-agencia/03-projeto/04-mensagens.png,Mensagens gerais do projeto no canal permitido.,#/project/summer-0,Project details → Messages,
Agência,03-projeto,01-agencia/03-projeto/05-mensagens-cliente.png,Conversa mediada entre agência e cliente.,#/project/summer-0,Messages → Agency & client,
Agência,03-projeto,01-agencia/03-projeto/06-design-no-canvas.png,Design focado no canvas e comentários à direita.,#/project/summer-0,Projeto → V1,
Agência,03-projeto,01-agencia/03-projeto/07-carrossel-segundo-design.png,Segunda peça da mesma versão.,#/project/summer-0,V1 → Next design,
Agência,03-projeto,01-agencia/03-projeto/08-modo-pin.png,Modo para marcar um ponto na peça.,#/project/summer-0,V1 → Pin comment,
Agência,03-projeto,01-agencia/03-projeto/09-pin-rascunho.png,Ponto marcado e comentário ainda não enviado.,#/project/summer-0,Pin comment → Clicar na peça → Escrever comentário,
Agência,03-projeto,01-agencia/03-projeto/10-pin-comentario.png,Pin numerado selecionado e comentário correspondente destacado.,#/project/summer-0,Send comment → Pin 1,
Agência,03-projeto,01-agencia/03-projeto/11-design-zoom--scroll-01.png,Ampliação mantém pin ligado à peça.,#/project/summer-0,Zoom design in,01-agencia/03-projeto/11-design-zoom
Agência,03-projeto,01-agencia/03-projeto/11-design-zoom.png,Ampliação mantém pin ligado à peça.,#/project/summer-0,Zoom design in,
Agência,03-projeto,01-agencia/03-projeto/12-adicionar-design.png,Adicionar mais uma peça à mesma versão.,#/project/summer-0,Add design to V1,
Agência,03-projeto,01-agencia/03-projeto/13-nova-versao.png,Adicionar uma versão e anotar alterações.,#/project/summer-0,New version,
Agência,03-projeto,01-agencia/03-projeto/14-envio-ou-revisao.png,Agência compartilha versão com o cliente.,#/project/summer-0,Project details → Send to client review,
Agência,03-projeto,01-agencia/03-projeto/15-entrega.png,Arquivos e entrega do projeto.,#/project/summer-0,Project details → Files & delivery → Open delivery,
Agência,03-projeto,01-agencia/03-projeto/16-download-feedback.png,"Download demonstrativo, sem arquivo real.",#/project/summer-0,Open delivery → Preview download,
Agência,03-projeto,01-agencia/03-projeto/17-compartilhar.png,Link da perspectiva do cliente.,#/project/summer-0,Project details → Files & delivery → Open delivery → Share with client,
Agência,03-projeto,01-agencia/03-projeto/18-multiplas-versoes--scroll-01.png,Versões V1 e V2 empilhadas sob o formato web.,#/project/summer-1,Board → Campaign Landing Page,01-agencia/03-projeto/18-multiplas-versoes
Agência,03-projeto,01-agencia/03-projeto/18-multiplas-versoes.png,Versões V1 e V2 empilhadas sob o formato web.,#/project/summer-1,Board → Campaign Landing Page,
Agência,03-projeto,01-agencia/03-projeto/19-link-copiado.png,Feedback de cópia do link do projeto.,#/project/summer-0,Share with client → Copy link,
Agência,03-projeto,01-agencia/03-projeto/20-varios-designs-v1--scroll-01.png,V1 com duas opções de design no mesmo formato.,#/project/summer-0,Projeto → Add design to V1 → Add design,01-agencia/03-projeto/20-varios-designs-v1
Agência,03-projeto,01-agencia/03-projeto/20-varios-designs-v1.png,V1 com duas opções de design no mesmo formato.,#/project/summer-0,Projeto → Add design to V1 → Add design,
Agência,03-projeto,01-agencia/03-projeto/21-carrossel-direcao-b.png,Direção B aberta dentro da mesma versão.,#/project/summer-0,V1 → Miniatura Direção B,
Agência,03-projeto,01-agencia/03-projeto/22-versao-adicionada--scroll-01.png,"V2 adicionada ao projeto atribuído, mantendo os designs da última versão.",#/project/summer-0,Projeto → New version → Choose a file → Add to preview,01-agencia/03-projeto/22-versao-adicionada
Agência,03-projeto,01-agencia/03-projeto/22-versao-adicionada--scroll-02.png,"V2 adicionada ao projeto atribuído, mantendo os designs da última versão.",#/project/summer-0,Projeto → New version → Choose a file → Add to preview,01-agencia/03-projeto/22-versao-adicionada
Agência,03-projeto,01-agencia/03-projeto/22-versao-adicionada.png,"V2 adicionada ao projeto atribuído, mantendo os designs da última versão.",#/project/summer-0,Projeto → New version → Choose a file → Add to preview,
Agência,03-projeto,01-agencia/03-projeto/23-versao-enviada--scroll-01.png,Estado após envio da agência ao cliente.,#/project/summer-0,Project details → Send to client review → Confirmar envio,01-agencia/03-projeto/23-versao-enviada
Agência,03-projeto,01-agencia/03-projeto/23-versao-enviada--scroll-02.png,Estado após envio da agência ao cliente.,#/project/summer-0,Project details → Send to client review → Confirmar envio,01-agencia/03-projeto/23-versao-enviada
Agência,03-projeto,01-agencia/03-projeto/23-versao-enviada.png,Estado após envio da agência ao cliente.,#/project/summer-0,Project details → Send to client review → Confirmar envio,
Agência,03-projeto,01-agencia/03-projeto/24-entregue--scroll-01.png,Projeto marcado como entregue.,#/project/summer-0,Open delivery → Mark as delivered,01-agencia/03-projeto/24-entregue
Agência,03-projeto,01-agencia/03-projeto/24-entregue--scroll-02.png,Projeto marcado como entregue.,#/project/summer-0,Open delivery → Mark as delivered,01-agencia/03-projeto/24-entregue
Agência,03-projeto,01-agencia/03-projeto/24-entregue--scroll-03.png,Projeto marcado como entregue.,#/project/summer-0,Open delivery → Mark as delivered,01-agencia/03-projeto/24-entregue
Agência,03-projeto,01-agencia/03-projeto/24-entregue.png,Projeto marcado como entregue.,#/project/summer-0,Open delivery → Mark as delivered,
Agência,03-projeto,01-agencia/03-projeto/detalhes-activity--scroll-01.png,Seção expandida: Activity,#/project/summer-0,Projeto → Project details → Activity,01-agencia/03-projeto/detalhes-activity
Agência,03-projeto,01-agencia/03-projeto/detalhes-activity.png,Seção expandida: Activity,#/project/summer-0,Projeto → Project details → Activity,
Agência,03-projeto,01-agencia/03-projeto/detalhes-brand--scroll-01.png,Seção expandida: Brand,#/project/summer-0,Projeto → Project details → Brand,01-agencia/03-projeto/detalhes-brand
Agência,03-projeto,01-agencia/03-projeto/detalhes-brand.png,Seção expandida: Brand,#/project/summer-0,Projeto → Project details → Brand,
Agência,03-projeto,01-agencia/03-projeto/detalhes-briefing--scroll-01.png,Seção expandida: Briefing,#/project/summer-0,Projeto → Project details → Briefing,01-agencia/03-projeto/detalhes-briefing
Agência,03-projeto,01-agencia/03-projeto/detalhes-briefing.png,Seção expandida: Briefing,#/project/summer-0,Projeto → Project details → Briefing,
Agência,03-projeto,01-agencia/03-projeto/detalhes-deliverables-credits--scroll-01.png,Seção expandida: Deliverables & credits,#/project/summer-0,Projeto → Project details → Deliverables & credits,01-agencia/03-projeto/detalhes-deliverables-credits
Agência,03-projeto,01-agencia/03-projeto/detalhes-deliverables-credits.png,Seção expandida: Deliverables & credits,#/project/summer-0,Projeto → Project details → Deliverables & credits,
Agência,03-projeto,01-agencia/03-projeto/detalhes-files-delivery--scroll-01.png,Seção expandida: Files & delivery,#/project/summer-0,Projeto → Project details → Files & delivery,01-agencia/03-projeto/detalhes-files-delivery
Agência,03-projeto,01-agencia/03-projeto/detalhes-files-delivery.png,Seção expandida: Files & delivery,#/project/summer-0,Projeto → Project details → Files & delivery,
Agência,04-briefings/01-lista,01-agencia/04-briefings/01-lista/01-all-briefings.png,Lista de briefings / All briefings,#/client/sabre/briefings,Briefings → All briefings,
Agência,04-briefings/01-lista,01-agencia/04-briefings/01-lista/02-draft.png,Lista de briefings / Draft,#/client/sabre/briefings,Briefings → Draft,
Agência,04-briefings/01-lista,01-agencia/04-briefings/01-lista/03-awaiting-review.png,Lista de briefings / Awaiting review,#/client/sabre/briefings,Briefings → Awaiting review,
Agência,04-briefings/01-lista,01-agencia/04-briefings/01-lista/04-in-progress.png,Lista de briefings / In progress,#/client/sabre/briefings,Briefings → In progress,
Agência,04-briefings/02-rascunho,01-agencia/04-briefings/02-rascunho/01-detalhe.png,Detalhe de briefing salvo como rascunho.,#/client/sabre/briefings/briefing-2,Briefings → Summer safety / Product spotlight,
Agência,04-briefings/02-rascunho,01-agencia/04-briefings/02-rascunho/02-continuar.png,Retomada do rascunho existente.,#/client/sabre/briefings/briefing-2/edit,Rascunho → Continue briefing,
Agência,04-briefings/03-type,01-agencia/04-briefings/03-type/01-servicos.png,Catálogo de serviços / página 1,#/client/sabre/briefings/new,New briefing → Type → Página 1,
Agência,04-briefings/03-type,01-agencia/04-briefings/03-type/02-servicos.png,Catálogo de serviços / página 2,#/client/sabre/briefings/new,New briefing → Type → Página 2,
Agência,04-briefings/03-type,01-agencia/04-briefings/03-type/03-servicos.png,Catálogo de serviços / página 3,#/client/sabre/briefings/new,New briefing → Type → Página 3,
Agência,04-briefings/03-type,01-agencia/04-briefings/03-type/04-servicos.png,Catálogo de serviços / página 4,#/client/sabre/briefings/new,New briefing → Type → Página 4,
Agência,04-briefings/03-type,01-agencia/04-briefings/03-type/05-servicos.png,Catálogo de serviços / página 5,#/client/sabre/briefings/new,New briefing → Type → Página 5,
Agência,04-briefings/03-type,01-agencia/04-briefings/03-type/06-tipo-selecionado.png,Tipo Short Video / Reel selecionado.,#/client/sabre/briefings/new,Type → Short Video / Reel,
Agência,04-briefings/04-details,01-agencia/04-briefings/04-details/01-campanha-indefinida.png,Campanha precisa ser explicitamente escolhida.,#/client/sabre/briefings/new,Type → Continue to details,
Agência,04-briefings/04-details,01-agencia/04-briefings/04-details/02-campanha-existente--scroll-01.png,Escolha de uma campanha existente.,#/client/sabre/briefings/new,Details → Choose existing campaign,01-agencia/04-briefings/04-details/02-campanha-existente
Agência,04-briefings/04-details,01-agencia/04-briefings/04-details/02-campanha-existente.png,Escolha de uma campanha existente.,#/client/sabre/briefings/new,Details → Choose existing campaign,
Agência,04-briefings/04-details,01-agencia/04-briefings/04-details/03-campanha-sem-resultados.png,Busca de campanha sem correspondência.,#/client/sabre/briefings/new,Choose existing campaign → Pesquisar,
Agência,04-briefings/04-details,01-agencia/04-briefings/04-details/04-nova-campanha.png,Cadastro de nova campanha dentro do briefing.,#/client/sabre/briefings/new,Details → Create new campaign,
Agência,04-briefings/04-details,01-agencia/04-briefings/04-details/05-campanha-titulo--scroll-01.png,Campanha confirmada e título preenchido.,#/client/sabre/briefings/new,Choose existing campaign → Summer Safety → Project title,01-agencia/04-briefings/04-details/05-campanha-titulo
Agência,04-briefings/04-details,01-agencia/04-briefings/04-details/05-campanha-titulo.png,Campanha confirmada e título preenchido.,#/client/sabre/briefings/new,Choose existing campaign → Summer Safety → Project title,
Agência,04-briefings/04-details,01-agencia/04-briefings/04-details/06-entregaveis-vazio.png,Badges de formatos antes da seleção.,#/client/sabre/briefings/new,Details → Deliverables,
Agência,04-briefings/04-details,01-agencia/04-briefings/04-details/07-entregaveis-selecionados--scroll-01.png,"Duas entregas, nomes, tamanhos, quantidade e escopo.",#/client/sabre/briefings/new,Deliverables → Selecionar dois badges,01-agencia/04-briefings/04-details/07-entregaveis-selecionados
Agência,04-briefings/04-details,01-agencia/04-briefings/04-details/07-entregaveis-selecionados.png,"Duas entregas, nomes, tamanhos, quantidade e escopo.",#/client/sabre/briefings/new,Deliverables → Selecionar dois badges,
Agência,04-briefings/04-details,01-agencia/04-briefings/04-details/08-variacao-nomeada--scroll-01.png,Mais de uma peça do mesmo formato.,#/client/sabre/briefings/new,Deliverables → Add named variation,01-agencia/04-briefings/04-details/08-variacao-nomeada
Agência,04-briefings/04-details,01-agencia/04-briefings/04-details/08-variacao-nomeada--scroll-02.png,Mais de uma peça do mesmo formato.,#/client/sabre/briefings/new,Deliverables → Add named variation,01-agencia/04-briefings/04-details/08-variacao-nomeada
Agência,04-briefings/04-details,01-agencia/04-briefings/04-details/08-variacao-nomeada.png,Mais de uma peça do mesmo formato.,#/client/sabre/briefings/new,Deliverables → Add named variation,
Agência,04-briefings/04-details,01-agencia/04-briefings/04-details/09-direcao-basica--scroll-01.png,"Overview e Goals, com defaults do Brand Hub.",#/client/sabre/briefings/new,Details → Briefing,01-agencia/04-briefings/04-details/09-direcao-basica
Agência,04-briefings/04-details,01-agencia/04-briefings/04-details/09-direcao-basica.png,"Overview e Goals, com defaults do Brand Hub.",#/client/sabre/briefings/new,Details → Briefing,
Agência,04-briefings/04-details,01-agencia/04-briefings/04-details/10-referencias-brandhub--scroll-01.png,"Público, estilo e recursos reutilizados da marca.",#/client/sabre/briefings/new,Briefing → Brand hub reference,01-agencia/04-briefings/04-details/10-referencias-brandhub
Agência,04-briefings/04-details,01-agencia/04-briefings/04-details/10-referencias-brandhub.png,"Público, estilo e recursos reutilizados da marca.",#/client/sabre/briefings/new,Briefing → Brand hub reference,
Agência,04-briefings/04-details,01-agencia/04-briefings/04-details/11-briefing-completo--scroll-01.png,"Campos opcionais: audiência, mensagem, recursos, inspiração, estilo e notas.",#/client/sabre/briefings/new,Briefing → Show full briefing,01-agencia/04-briefings/04-details/11-briefing-completo
Agência,04-briefings/04-details,01-agencia/04-briefings/04-details/11-briefing-completo--scroll-02.png,"Campos opcionais: audiência, mensagem, recursos, inspiração, estilo e notas.",#/client/sabre/briefings/new,Briefing → Show full briefing,01-agencia/04-briefings/04-details/11-briefing-completo
Agência,04-briefings/04-details,01-agencia/04-briefings/04-details/11-briefing-completo--scroll-03.png,"Campos opcionais: audiência, mensagem, recursos, inspiração, estilo e notas.",#/client/sabre/briefings/new,Briefing → Show full briefing,01-agencia/04-briefings/04-details/11-briefing-completo
Agência,04-briefings/04-details,01-agencia/04-briefings/04-details/11-briefing-completo.png,"Campos opcionais: audiência, mensagem, recursos, inspiração, estilo e notas.",#/client/sabre/briefings/new,Briefing → Show full briefing,
Agência,04-briefings/04-details,01-agencia/04-briefings/04-details/12-direcao-personalizada--scroll-01.png,Desvio da direção de marca apenas para este projeto.,#/client/sabre/briefings/new,Briefing → Customize for this project,01-agencia/04-briefings/04-details/12-direcao-personalizada
Agência,04-briefings/04-details,01-agencia/04-briefings/04-details/12-direcao-personalizada--scroll-02.png,Desvio da direção de marca apenas para este projeto.,#/client/sabre/briefings/new,Briefing → Customize for this project,01-agencia/04-briefings/04-details/12-direcao-personalizada
Agência,04-briefings/04-details,01-agencia/04-briefings/04-details/12-direcao-personalizada--scroll-03.png,Desvio da direção de marca apenas para este projeto.,#/client/sabre/briefings/new,Briefing → Customize for this project,01-agencia/04-briefings/04-details/12-direcao-personalizada
Agência,04-briefings/04-details,01-agencia/04-briefings/04-details/12-direcao-personalizada.png,Desvio da direção de marca apenas para este projeto.,#/client/sabre/briefings/new,Briefing → Customize for this project,
Agência,04-briefings/04-details,01-agencia/04-briefings/04-details/13-prazo-anexos.png,Prazo e anexos opcionais.,#/client/sabre/briefings/new,Details → Timing & files,
Agência,04-briefings/04-details,01-agencia/04-briefings/04-details/14-anexo-adicionado.png,"Anexo de demonstração, apenas metadados.",#/client/sabre/briefings/new,Timing & files → Escolher arquivo,
Agência,04-briefings/04-details,01-agencia/04-briefings/04-details/15-anexo-rejeitado.png,Feedback de extensão não suportada.,#/client/sabre/briefings/new,Timing & files → Escolher arquivo incompatível,
Agência,04-briefings/05-review,01-agencia/04-briefings/05-review/01-resumo--scroll-01.png,"Revisão completa de campanha, escopo e direção.",#/client/sabre/briefings/new,Details → Review briefing,01-agencia/04-briefings/05-review/01-resumo
Agência,04-briefings/05-review,01-agencia/04-briefings/05-review/01-resumo--scroll-02.png,"Revisão completa de campanha, escopo e direção.",#/client/sabre/briefings/new,Details → Review briefing,01-agencia/04-briefings/05-review/01-resumo
Agência,04-briefings/05-review,01-agencia/04-briefings/05-review/01-resumo.png,"Revisão completa de campanha, escopo e direção.",#/client/sabre/briefings/new,Details → Review briefing,
Agência,04-briefings/05-review,01-agencia/04-briefings/05-review/02-enviado--scroll-01.png,Briefing enviado para revisão; sem débito automático.,#/client/sabre/briefings/preview-bbfcc35c,Review → Send briefing,01-agencia/04-briefings/05-review/02-enviado
Agência,04-briefings/05-review,01-agencia/04-briefings/05-review/02-enviado.png,Briefing enviado para revisão; sem débito automático.,#/client/sabre/briefings/preview-bbfcc35c,Review → Send briefing,
Agência,04-briefings/06-aceite,01-agencia/04-briefings/06-aceite/01-aguardando-revisao--scroll-01.png,Escopo e formulário de orçamento da agência.,#/client/sabre/briefings/briefing-1,Briefings → Everyday confidence / Social launch,01-agencia/04-briefings/06-aceite/01-aguardando-revisao
Agência,04-briefings/06-aceite,01-agencia/04-briefings/06-aceite/01-aguardando-revisao.png,Escopo e formulário de orçamento da agência.,#/client/sabre/briefings/briefing-1,Briefings → Everyday confidence / Social launch,
Agência,04-briefings/06-aceite,01-agencia/04-briefings/06-aceite/02-saldo-insuficiente--scroll-01.png,Orçamento acima do saldo exige créditos adicionais.,#/client/sabre/briefings/briefing-1,Agency review → Approved project credits: 80,01-agencia/04-briefings/06-aceite/02-saldo-insuficiente
Agência,04-briefings/06-aceite,01-agencia/04-briefings/06-aceite/02-saldo-insuficiente.png,Orçamento acima do saldo exige créditos adicionais.,#/client/sabre/briefings/briefing-1,Agency review → Approved project credits: 80,
Agência,04-briefings/06-aceite,01-agencia/04-briefings/06-aceite/03-ajuste-justificado--scroll-01.png,Ajuste de créditos com explicação para o cliente.,#/client/sabre/briefings/briefing-1,Agency review → Approved project credits: 8 → Quote explanation,01-agencia/04-briefings/06-aceite/03-ajuste-justificado
Agência,04-briefings/06-aceite,01-agencia/04-briefings/06-aceite/03-ajuste-justificado.png,Ajuste de créditos com explicação para o cliente.,#/client/sabre/briefings/briefing-1,Agency review → Approved project credits: 8 → Quote explanation,
Agência,04-briefings/06-aceite,01-agencia/04-briefings/06-aceite/04-aceito--scroll-01.png,Briefing aceito e projeto criado com um débito.,#/client/sabre/briefings/briefing-1,Accept & create project,01-agencia/04-briefings/06-aceite/04-aceito
Agência,04-briefings/06-aceite,01-agencia/04-briefings/06-aceite/04-aceito.png,Briefing aceito e projeto criado com um débito.,#/client/sabre/briefings/briefing-1,Accept & create project,
Agência,04-briefings/07-escopo-por-tipo,01-agencia/04-briefings/07-escopo-por-tipo/01-ai-enhanced-add-on.png,"Formatos, campos e perguntas do serviço AI-Enhanced Add-On",#/client/sabre/briefings/new,New briefing → Type: AI-Enhanced Add-On → Details → Deliverables → Selecionar primeiro formato,
Agência,04-briefings/07-escopo-por-tipo,01-agencia/04-briefings/07-escopo-por-tipo/02-blog-design-infographic.png,"Formatos, campos e perguntas do serviço Blog Design / Infographic",#/client/sabre/briefings/new,New briefing → Type: Blog Design / Infographic → Details → Deliverables → Selecionar primeiro formato,
Agência,04-briefings/07-escopo-por-tipo,01-agencia/04-briefings/07-escopo-por-tipo/03-brand-guidelines.png,"Formatos, campos e perguntas do serviço Brand Guidelines",#/client/sabre/briefings/new,New briefing → Type: Brand Guidelines → Details → Deliverables → Selecionar primeiro formato,
Agência,04-briefings/07-escopo-por-tipo,01-agencia/04-briefings/07-escopo-por-tipo/04-branded-specialty-design.png,"Formatos, campos e perguntas do serviço Branded Specialty Design",#/client/sabre/briefings/new,New briefing → Type: Branded Specialty Design → Details → Deliverables → Selecionar primeiro formato,
Agência,04-briefings/07-escopo-por-tipo,01-agencia/04-briefings/07-escopo-por-tipo/05-content-production.png,"Formatos, campos e perguntas do serviço Content Production",#/client/sabre/briefings/new,New briefing → Type: Content Production → Details → Deliverables → Selecionar primeiro formato,
Agência,04-briefings/07-escopo-por-tipo,01-agencia/04-briefings/07-escopo-por-tipo/06-creative-direction-operations.png,"Formatos, campos e perguntas do serviço Creative Direction / Operations",#/client/sabre/briefings/new,New briefing → Type: Creative Direction / Operations → Details → Deliverables → Selecionar primeiro formato,
Agência,04-briefings/07-escopo-por-tipo,01-agencia/04-briefings/07-escopo-por-tipo/07-deck-presentation-design.png,"Formatos, campos e perguntas do serviço Deck / Presentation Design",#/client/sabre/briefings/new,New briefing → Type: Deck / Presentation Design → Details → Deliverables → Selecionar primeiro formato,
Agência,04-briefings/07-escopo-por-tipo,01-agencia/04-briefings/07-escopo-por-tipo/08-digital-ad-animated.png,"Formatos, campos e perguntas do serviço Digital Ad (Animated)",#/client/sabre/briefings/new,New briefing → Type: Digital Ad (Animated) → Details → Deliverables → Selecionar primeiro formato,
Agência,04-briefings/07-escopo-por-tipo,01-agencia/04-briefings/07-escopo-por-tipo/09-digital-ad-static.png,"Formatos, campos e perguntas do serviço Digital Ad (Static)",#/client/sabre/briefings/new,New briefing → Type: Digital Ad (Static) → Details → Deliverables → Selecionar primeiro formato,
Agência,04-briefings/07-escopo-por-tipo,01-agencia/04-briefings/07-escopo-por-tipo/10-email-hero.png,"Formatos, campos e perguntas do serviço Email Hero",#/client/sabre/briefings/new,New briefing → Type: Email Hero → Details → Deliverables → Selecionar primeiro formato,
Agência,04-briefings/07-escopo-por-tipo,01-agencia/04-briefings/07-escopo-por-tipo/11-full-email-design.png,"Formatos, campos e perguntas do serviço Full Email Design",#/client/sabre/briefings/new,New briefing → Type: Full Email Design → Details → Deliverables → Selecionar primeiro formato,
Agência,04-briefings/07-escopo-por-tipo,01-agencia/04-briefings/07-escopo-por-tipo/12-gif-animation.png,"Formatos, campos e perguntas do serviço GIF Animation",#/client/sabre/briefings/new,New briefing → Type: GIF Animation → Details → Deliverables → Selecionar primeiro formato,
Agência,04-briefings/07-escopo-por-tipo,01-agencia/04-briefings/07-escopo-por-tipo/13-printed-marketing-materials.png,"Formatos, campos e perguntas do serviço Printed Marketing Materials",#/client/sabre/briefings/new,New briefing → Type: Printed Marketing Materials → Details → Deliverables → Selecionar primeiro formato,
Agência,04-briefings/07-escopo-por-tipo,01-agencia/04-briefings/07-escopo-por-tipo/14-short-video-reel.png,"Formatos, campos e perguntas do serviço Short Video / Reel",#/client/sabre/briefings/new,New briefing → Type: Short Video / Reel → Details → Deliverables → Selecionar primeiro formato,
Agência,04-briefings/07-escopo-por-tipo,01-agencia/04-briefings/07-escopo-por-tipo/15-simple-branding-package.png,"Formatos, campos e perguntas do serviço Simple Branding Package",#/client/sabre/briefings/new,New briefing → Type: Simple Branding Package → Details → Deliverables → Selecionar primeiro formato,
Agência,04-briefings/07-escopo-por-tipo,01-agencia/04-briefings/07-escopo-por-tipo/16-social-post-static.png,"Formatos, campos e perguntas do serviço Social Post (Static)",#/client/sabre/briefings/new,New briefing → Type: Social Post (Static) → Details → Deliverables → Selecionar primeiro formato,
Agência,04-briefings/07-escopo-por-tipo,01-agencia/04-briefings/07-escopo-por-tipo/17-ui-web-layout.png,"Formatos, campos e perguntas do serviço UI Web Layout",#/client/sabre/briefings/new,New briefing → Type: UI Web Layout → Details → Deliverables → Selecionar primeiro formato,
Agência,04-briefings/07-escopo-por-tipo,01-agencia/04-briefings/07-escopo-por-tipo/18-whitepaper.png,"Formatos, campos e perguntas do serviço Whitepaper",#/client/sabre/briefings/new,New briefing → Type: Whitepaper → Details → Deliverables → Selecionar primeiro formato,
Agência,04-briefings/07-escopo-por-tipo,01-agencia/04-briefings/07-escopo-por-tipo/19-youtube-video.png,"Formatos, campos e perguntas do serviço YouTube Video",#/client/sabre/briefings/new,New briefing → Type: YouTube Video → Details → Deliverables → Selecionar primeiro formato,
Agência,04-briefings/07-escopo-por-tipo,01-agencia/04-briefings/07-escopo-por-tipo/20-other.png,"Formatos, campos e perguntas do serviço Other",#/client/sabre/briefings/new,New briefing → Type: Other → Details → Deliverables → Selecionar primeiro formato,
Agência,05-assets,01-agencia/05-assets/01-biblioteca--scroll-01.png,Biblioteca de arquivos dos projetos.,#/client/sabre/assets,Assets,01-agencia/05-assets/01-biblioteca
Agência,05-assets,01-agencia/05-assets/01-biblioteca.png,Biblioteca de arquivos dos projetos.,#/client/sabre/assets,Assets,
Agência,05-assets,01-agencia/05-assets/02-aprovados.png,Arquivos de projetos aprovados.,#/client/sabre/assets,Assets → Approved,
Agência,05-assets,01-agencia/05-assets/03-upload.png,Inclusão demonstrativa de arquivo e versão.,#/client/sabre/assets,Assets → Upload files,
Agência,06-reviews,01-agencia/06-reviews/01-pendentes.png,Projetos aguardando revisão.,#/client/sabre/reviews,Reviews,
Agência,06-reviews,01-agencia/06-reviews/02-revisar.png,Solicitar alterações ou aprovar uma entrega.,#/client/sabre/reviews,Reviews → Open review,
Agência,06-reviews,01-agencia/06-reviews/03-feedback-preenchido.png,Comentário antes de solicitar alteração.,#/client/sabre/reviews,Open review → Your feedback,
Agência,06-reviews,01-agencia/06-reviews/04-alteracoes-solicitadas.png,Retorno do pedido de revisão à agência.,#/client/sabre/reviews,Request changes,
Agência,06-reviews,01-agencia/06-reviews/05-aprovados.png,Projetos aprovados ou entregues.,#/client/sabre/reviews,Reviews → Approved,
Agência,06-reviews,01-agencia/06-reviews/06-aprovacao-feedback.png,Confirmação de aprovação.,#/client/sabre/reviews,Open review → Approve design,
Agência,07-brand-hub/01-overview,01-agencia/07-brand-hub/01-overview/01-pagina--scroll-01.png,Brand Hub / overview,#/client/sabre/brand/overview,Brand hub → overview,01-agencia/07-brand-hub/01-overview/01-pagina
Agência,07-brand-hub/01-overview,01-agencia/07-brand-hub/01-overview/01-pagina.png,Brand Hub / overview,#/client/sabre/brand/overview,Brand hub → overview,
Agência,07-brand-hub/01-overview,01-agencia/07-brand-hub/01-overview/02-editar--scroll-01.png,Formulário de edição pela agência.,#/client/sabre/brand/overview,Brand hub → overview → Edit,01-agencia/07-brand-hub/01-overview/02-editar
Agência,07-brand-hub/01-overview,01-agencia/07-brand-hub/01-overview/02-editar.png,Formulário de edição pela agência.,#/client/sabre/brand/overview,Brand hub → overview → Edit,
Agência,07-brand-hub/01-overview,01-agencia/07-brand-hub/01-overview/03-guidelines.png,Preview das diretrizes da marca.,#/client/sabre/brand/overview,Brand hub → Overview → Brand guidelines,
Agência,07-brand-hub/02-logos,01-agencia/07-brand-hub/02-logos/01-pagina--scroll-01.png,Brand Hub / logos,#/client/sabre/brand/logos,Brand hub → logos,01-agencia/07-brand-hub/02-logos/01-pagina
Agência,07-brand-hub/02-logos,01-agencia/07-brand-hub/02-logos/01-pagina.png,Brand Hub / logos,#/client/sabre/brand/logos,Brand hub → logos,
Agência,07-brand-hub/02-logos,01-agencia/07-brand-hub/02-logos/formato-png--scroll-01.png,Biblioteca com formato PNG selecionado.,#/client/sabre/brand/logos,Logos → Format → PNG,01-agencia/07-brand-hub/02-logos/formato-png
Agência,07-brand-hub/02-logos,01-agencia/07-brand-hub/02-logos/formato-png.png,Biblioteca com formato PNG selecionado.,#/client/sabre/brand/logos,Logos → Format → PNG,
Agência,07-brand-hub/02-logos,01-agencia/07-brand-hub/02-logos/logo-1.png,Detalhe do logo: Primary Logo,#/client/sabre/brand/logos,Brand hub → Logos → Primary Logo,
Agência,07-brand-hub/02-logos,01-agencia/07-brand-hub/02-logos/logo-2.png,Detalhe do logo: Secondary Logo,#/client/sabre/brand/logos,Brand hub → Logos → Secondary Logo,
Agência,07-brand-hub/02-logos,01-agencia/07-brand-hub/02-logos/logo-3.png,Detalhe do logo: Wordmark,#/client/sabre/brand/logos,Brand hub → Logos → Wordmark,
Agência,07-brand-hub/02-logos,01-agencia/07-brand-hub/02-logos/logo-4.png,Detalhe do logo: Symbol / Icon,#/client/sabre/brand/logos,Brand hub → Logos → Symbol / Icon,
Agência,07-brand-hub/02-logos,01-agencia/07-brand-hub/02-logos/logo-5.png,Detalhe do logo: White Logo,#/client/sabre/brand/logos,Brand hub → Logos → White Logo,
Agência,07-brand-hub/02-logos,01-agencia/07-brand-hub/02-logos/logo-6.png,Detalhe do logo: Black Logo,#/client/sabre/brand/logos,Brand hub → Logos → Black Logo,
Agência,07-brand-hub/02-logos,01-agencia/07-brand-hub/02-logos/logo-7.png,Detalhe do logo: Horizontal,#/client/sabre/brand/logos,Brand hub → Logos → Horizontal,
Agência,07-brand-hub/02-logos,01-agencia/07-brand-hub/02-logos/logo-8.png,Detalhe do logo: Vertical,#/client/sabre/brand/logos,Brand hub → Logos → Vertical,
Agência,07-brand-hub/03-colors,01-agencia/07-brand-hub/03-colors/01-pagina--scroll-01.png,Brand Hub / colors,#/client/sabre/brand/colors,Brand hub → colors,01-agencia/07-brand-hub/03-colors/01-pagina
Agência,07-brand-hub/03-colors,01-agencia/07-brand-hub/03-colors/01-pagina.png,Brand Hub / colors,#/client/sabre/brand/colors,Brand hub → colors,
Agência,07-brand-hub/03-colors,01-agencia/07-brand-hub/03-colors/02-editar.png,Formulário de edição pela agência.,#/client/sabre/brand/colors,Brand hub → colors → Edit,
Agência,07-brand-hub/03-colors,01-agencia/07-brand-hub/03-colors/03-formato-rgb--scroll-01.png,Opção para copiar códigos RGB.,#/client/sabre/brand/colors,Colors → Copy as → RGB,01-agencia/07-brand-hub/03-colors/03-formato-rgb
Agência,07-brand-hub/03-colors,01-agencia/07-brand-hub/03-colors/03-formato-rgb.png,Opção para copiar códigos RGB.,#/client/sabre/brand/colors,Colors → Copy as → RGB,
Agência,07-brand-hub/03-colors,01-agencia/07-brand-hub/03-colors/04-copiar-1.png,Feedback de Copy RGB,#/client/sabre/brand/colors,Colors → Copy RGB,
Agência,07-brand-hub/03-colors,01-agencia/07-brand-hub/03-colors/04-copiar-2.png,Feedback de Copy CSS,#/client/sabre/brand/colors,Colors → Copy CSS,
Agência,07-brand-hub/03-colors,01-agencia/07-brand-hub/03-colors/04-copiar-3.png,Feedback de Copy Tailwind,#/client/sabre/brand/colors,Colors → Copy Tailwind,
Agência,07-brand-hub/04-typography,01-agencia/07-brand-hub/04-typography/01-pagina--scroll-01.png,Brand Hub / typography,#/client/sabre/brand/typography,Brand hub → typography,01-agencia/07-brand-hub/04-typography/01-pagina
Agência,07-brand-hub/04-typography,01-agencia/07-brand-hub/04-typography/01-pagina.png,Brand Hub / typography,#/client/sabre/brand/typography,Brand hub → typography,
Agência,07-brand-hub/04-typography,01-agencia/07-brand-hub/04-typography/02-editar.png,Formulário de edição pela agência.,#/client/sabre/brand/typography,Brand hub → typography → Edit,
Agência,07-brand-hub/04-typography,01-agencia/07-brand-hub/04-typography/03-texto-personalizado--scroll-01.png,Prévia de tipografia com texto personalizado.,#/client/sabre/brand/typography,Typography → Preview your text,01-agencia/07-brand-hub/04-typography/03-texto-personalizado
Agência,07-brand-hub/04-typography,01-agencia/07-brand-hub/04-typography/03-texto-personalizado.png,Prévia de tipografia com texto personalizado.,#/client/sabre/brand/typography,Typography → Preview your text,
Agência,07-brand-hub/05-visual-style,01-agencia/07-brand-hub/05-visual-style/01-pagina--scroll-01.png,Brand Hub / visual-style,#/client/sabre/brand/visual-style,Brand hub → visual-style,01-agencia/07-brand-hub/05-visual-style/01-pagina
Agência,07-brand-hub/05-visual-style,01-agencia/07-brand-hub/05-visual-style/01-pagina.png,Brand Hub / visual-style,#/client/sabre/brand/visual-style,Brand hub → visual-style,
Agência,07-brand-hub/05-visual-style,01-agencia/07-brand-hub/05-visual-style/02-editar.png,Formulário de edição pela agência.,#/client/sabre/brand/visual-style,Brand hub → visual-style → Edit,
Agência,07-brand-hub/05-visual-style,01-agencia/07-brand-hub/05-visual-style/referencia-1.png,Detalhe de referência visual.,#/client/sabre/brand/visual-style,Visual Style → Referência 1,
Agência,07-brand-hub/05-visual-style,01-agencia/07-brand-hub/05-visual-style/referencia-2.png,Detalhe de referência visual.,#/client/sabre/brand/visual-style,Visual Style → Referência 2,
Agência,07-brand-hub/05-visual-style,01-agencia/07-brand-hub/05-visual-style/referencia-3.png,Detalhe de referência visual.,#/client/sabre/brand/visual-style,Visual Style → Referência 3,
Agência,07-brand-hub/05-visual-style,01-agencia/07-brand-hub/05-visual-style/referencia-4.png,Detalhe de referência visual.,#/client/sabre/brand/visual-style,Visual Style → Referência 4,
Agência,07-brand-hub/06-products,01-agencia/07-brand-hub/06-products/01-pagina.png,Brand Hub / products,#/client/sabre/brand/products,Brand hub → products,
Agência,07-brand-hub/06-products,01-agencia/07-brand-hub/06-products/produto-1-assets.png,Running Pepper Gel / Assets,#/client/sabre/brand/products,Product Library → Running Pepper Gel → Assets,
Agência,07-brand-hub/06-products,01-agencia/07-brand-hub/06-products/produto-1-rules.png,Running Pepper Gel / Rules,#/client/sabre/brand/products,Product Library → Running Pepper Gel → Rules,
Agência,07-brand-hub/06-products,01-agencia/07-brand-hub/06-products/produto-1-specs.png,Running Pepper Gel / Specs,#/client/sabre/brand/products,Product Library → Running Pepper Gel → Specs,
Agência,07-brand-hub/06-products,01-agencia/07-brand-hub/06-products/produto-2-assets.png,Smart 2.0 / Assets,#/client/sabre/brand/products,Product Library → Smart 2.0 → Assets,
Agência,07-brand-hub/06-products,01-agencia/07-brand-hub/06-products/produto-2-rules.png,Smart 2.0 / Rules,#/client/sabre/brand/products,Product Library → Smart 2.0 → Rules,
Agência,07-brand-hub/06-products,01-agencia/07-brand-hub/06-products/produto-2-specs.png,Smart 2.0 / Specs,#/client/sabre/brand/products,Product Library → Smart 2.0 → Specs,
Agência,07-brand-hub/06-products,01-agencia/07-brand-hub/06-products/produto-3-assets.png,Personal Alarm / Assets,#/client/sabre/brand/products,Product Library → Personal Alarm → Assets,
Agência,07-brand-hub/06-products,01-agencia/07-brand-hub/06-products/produto-3-rules.png,Personal Alarm / Rules,#/client/sabre/brand/products,Product Library → Personal Alarm → Rules,
Agência,07-brand-hub/06-products,01-agencia/07-brand-hub/06-products/produto-3-specs.png,Personal Alarm / Specs,#/client/sabre/brand/products,Product Library → Personal Alarm → Specs,
Agência,07-brand-hub/07-assets,01-agencia/07-brand-hub/07-assets/01-pagina--scroll-01.png,Brand Hub / assets,#/client/sabre/brand/assets,Brand hub → assets,01-agencia/07-brand-hub/07-assets/01-pagina
Agência,07-brand-hub/07-assets,01-agencia/07-brand-hub/07-assets/01-pagina.png,Brand Hub / assets,#/client/sabre/brand/assets,Brand hub → assets,
Agência,07-brand-hub/07-assets,01-agencia/07-brand-hub/07-assets/03-filtro-categoria.png,Assets filtrados por Photography.,#/client/sabre/brand/assets,Brand Assets → Photography,
Agência,07-brand-hub/07-assets,01-agencia/07-brand-hub/07-assets/04-sem-resultados.png,Busca sem assets correspondentes.,#/client/sabre/brand/assets,Brand Assets → Pesquisar termo inexistente,
Agência,07-brand-hub/07-assets,01-agencia/07-brand-hub/07-assets/05-adicionar-asset.png,Formulário para cadastrar referência de asset.,#/client/sabre/brand/assets,Brand Assets → Add placeholder,
Agência,07-brand-hub/07-assets,01-agencia/07-brand-hub/07-assets/asset-01.png,Primary logo kit / formato e orientação de uso.,#/client/sabre/brand/assets,Brand Assets → Primary logo kit,
Agência,07-brand-hub/07-assets,01-agencia/07-brand-hub/07-assets/asset-02.png,Everyday icon set / formato e orientação de uso.,#/client/sabre/brand/assets,Brand Assets → Everyday icon set,
Agência,07-brand-hub/07-assets,01-agencia/07-brand-hub/07-assets/asset-03.png,Signature grid / formato e orientação de uso.,#/client/sabre/brand/assets,Brand Assets → Signature grid,
Agência,07-brand-hub/07-assets,01-agencia/07-brand-hub/07-assets/asset-04.png,Soft paper texture / formato e orientação de uso.,#/client/sabre/brand/assets,Brand Assets → Soft paper texture,
Agência,07-brand-hub/07-assets,01-agencia/07-brand-hub/07-assets/asset-05.png,Outdoor lifestyle / formato e orientação de uso.,#/client/sabre/brand/assets,Brand Assets → Outdoor lifestyle,
Agência,07-brand-hub/07-assets,01-agencia/07-brand-hub/07-assets/asset-06.png,Product front view / formato e orientação de uso.,#/client/sabre/brand/assets,Brand Assets → Product front view,
Agência,07-brand-hub/07-assets,01-agencia/07-brand-hub/07-assets/asset-07.png,Everyday illustration / formato e orientação de uso.,#/client/sabre/brand/assets,Brand Assets → Everyday illustration,
Agência,07-brand-hub/07-assets,01-agencia/07-brand-hub/07-assets/asset-08.png,Product reference model / formato e orientação de uso.,#/client/sabre/brand/assets,Brand Assets → Product reference model,
Agência,07-brand-hub/07-assets,01-agencia/07-brand-hub/07-assets/asset-09.png,Packaging mockup / formato e orientação de uso.,#/client/sabre/brand/assets,Brand Assets → Packaging mockup,
Agência,07-brand-hub/07-assets,01-agencia/07-brand-hub/07-assets/asset-10.png,Social starter kit / formato e orientação de uso.,#/client/sabre/brand/assets,Brand Assets → Social starter kit,
Agência,07-brand-hub/07-assets,01-agencia/07-brand-hub/07-assets/asset-11.png,Launch story / formato e orientação de uso.,#/client/sabre/brand/assets,Brand Assets → Launch story,
Agência,07-brand-hub/07-assets,01-agencia/07-brand-hub/07-assets/asset-12.png,Everyday motion / formato e orientação de uso.,#/client/sabre/brand/assets,Brand Assets → Everyday motion,
Agência,07-brand-hub/07-assets,01-agencia/07-brand-hub/07-assets/asset-13.png,Instrument Sans family / formato e orientação de uso.,#/client/sabre/brand/assets,Brand Assets → Instrument Sans family,
Agência,07-brand-hub/07-assets,01-agencia/07-brand-hub/07-assets/copiar-referencia.png,Confirmação ao copiar referência.,#/client/sabre/brand/assets,Brand Assets → Primary logo kit → Copy reference,
Agência,07-brand-hub/08-templates,01-agencia/07-brand-hub/08-templates/01-pagina--scroll-01.png,Brand Hub / templates,#/client/sabre/brand/templates,Brand hub → templates,01-agencia/07-brand-hub/08-templates/01-pagina
Agência,07-brand-hub/08-templates,01-agencia/07-brand-hub/08-templates/01-pagina.png,Brand Hub / templates,#/client/sabre/brand/templates,Brand hub → templates,
Agência,07-brand-hub/08-templates,01-agencia/07-brand-hub/08-templates/06-rascunhos-criados--scroll-01.png,Rascunhos de templates criados nesta sessão e perfil.,#/client/sabre/brand/templates,Templates → Retornar do editor,01-agencia/07-brand-hub/08-templates/06-rascunhos-criados
Agência,07-brand-hub/08-templates,01-agencia/07-brand-hub/08-templates/06-rascunhos-criados--scroll-02.png,Rascunhos de templates criados nesta sessão e perfil.,#/client/sabre/brand/templates,Templates → Retornar do editor,01-agencia/07-brand-hub/08-templates/06-rascunhos-criados
Agência,07-brand-hub/08-templates,01-agencia/07-brand-hub/08-templates/06-rascunhos-criados.png,Rascunhos de templates criados nesta sessão e perfil.,#/client/sabre/brand/templates,Templates → Retornar do editor,
Agência,07-brand-hub/08-templates,01-agencia/07-brand-hub/08-templates/categoria-commerce.png,Templates da categoria Commerce,#/client/sabre/brand/templates,Templates → Commerce,
Agência,07-brand-hub/08-templates,01-agencia/07-brand-hub/08-templates/categoria-social.png,Templates da categoria Social,#/client/sabre/brand/templates,Templates → Social,
Agência,07-brand-hub/08-templates,01-agencia/07-brand-hub/08-templates/categoria-web.png,Templates da categoria Web,#/client/sabre/brand/templates,Templates → Web,
Agência,07-brand-hub/08-templates,01-agencia/07-brand-hub/08-templates/editor-personalizado.png,Editor com conteúdo e zoom alterados.,#/client/sabre/brand/drafts/preview-4302f3e6,Template → Headline → Zoom 75%,
Agência,07-brand-hub/08-templates,01-agencia/07-brand-hub/08-templates/editor-template-1.png,Editor de rascunho: Instagram Post. Rascunho separado do projeto.,#/client/sabre/brand/drafts/preview-4302f3e6,Templates → Instagram Post → Use template,
Agência,07-brand-hub/08-templates,01-agencia/07-brand-hub/08-templates/editor-template-2.png,Editor de rascunho: Instagram Story. Rascunho separado do projeto.,#/client/sabre/brand/drafts/preview-59e74a90,Templates → Instagram Story → Use template,
Agência,07-brand-hub/08-templates,01-agencia/07-brand-hub/08-templates/editor-template-3.png,Editor de rascunho: Amazon A+. Rascunho separado do projeto.,#/client/sabre/brand/drafts/preview-f6f692d9,Templates → Amazon A+ → Use template,
Agência,07-brand-hub/08-templates,01-agencia/07-brand-hub/08-templates/editor-template-4.png,Editor de rascunho: Amazon Gallery. Rascunho separado do projeto.,#/client/sabre/brand/drafts/preview-53d5d77e,Templates → Amazon Gallery → Use template,
Agência,07-brand-hub/08-templates,01-agencia/07-brand-hub/08-templates/editor-template-5.png,Editor de rascunho: Website Hero. Rascunho separado do projeto.,#/client/sabre/brand/drafts/preview-260443df,Templates → Website Hero → Use template,
Agência,07-brand-hub/08-templates,01-agencia/07-brand-hub/08-templates/editor-template-6.png,Editor de rascunho: TikTok. Rascunho separado do projeto.,#/client/sabre/brand/drafts/preview-8e6448d6,Templates → TikTok → Use template,
Agência,07-brand-hub/08-templates,01-agencia/07-brand-hub/08-templates/editor-template-7.png,Editor de rascunho: Meta Ads. Rascunho separado do projeto.,#/client/sabre/brand/drafts/preview-b7e36668,Templates → Meta Ads → Use template,
Agência,07-brand-hub/08-templates,01-agencia/07-brand-hub/08-templates/rascunho-indisponivel.png,Rascunho não encontrado ou encerrado ao recarregar.,#/client/sabre/brand/drafts/session-expired,Abrir link de rascunho de sessão anterior,
Agência,07-brand-hub/09-messaging,01-agencia/07-brand-hub/09-messaging/01-pagina--scroll-01.png,Brand Hub / messaging,#/client/sabre/brand/messaging,Brand hub → messaging,01-agencia/07-brand-hub/09-messaging/01-pagina
Agência,07-brand-hub/09-messaging,01-agencia/07-brand-hub/09-messaging/01-pagina.png,Brand Hub / messaging,#/client/sabre/brand/messaging,Brand hub → messaging,
Agência,07-brand-hub/09-messaging,01-agencia/07-brand-hub/09-messaging/02-editar--scroll-01.png,Formulário de edição pela agência.,#/client/sabre/brand/messaging,Brand hub → messaging → Edit,01-agencia/07-brand-hub/09-messaging/02-editar
Agência,07-brand-hub/09-messaging,01-agencia/07-brand-hub/09-messaging/02-editar.png,Formulário de edição pela agência.,#/client/sabre/brand/messaging,Brand hub → messaging → Edit,
Agência,07-brand-hub/09-messaging,01-agencia/07-brand-hub/09-messaging/03-copiar-texto.png,Feedback ao copiar uma headline.,#/client/sabre/brand/messaging,Copy & Messaging → Copy headline,
Agência,07-brand-hub/10-ai,01-agencia/07-brand-hub/10-ai/01-pagina--scroll-01.png,Brand Hub / ai,#/client/sabre/brand/ai,Brand hub → ai,01-agencia/07-brand-hub/10-ai/01-pagina
Agência,07-brand-hub/10-ai,01-agencia/07-brand-hub/10-ai/01-pagina--scroll-02.png,Brand Hub / ai,#/client/sabre/brand/ai,Brand hub → ai,01-agencia/07-brand-hub/10-ai/01-pagina
Agência,07-brand-hub/10-ai,01-agencia/07-brand-hub/10-ai/01-pagina--scroll-03.png,Brand Hub / ai,#/client/sabre/brand/ai,Brand hub → ai,01-agencia/07-brand-hub/10-ai/01-pagina
Agência,07-brand-hub/10-ai,01-agencia/07-brand-hub/10-ai/01-pagina--scroll-04.png,Brand Hub / ai,#/client/sabre/brand/ai,Brand hub → ai,01-agencia/07-brand-hub/10-ai/01-pagina
Agência,07-brand-hub/10-ai,01-agencia/07-brand-hub/10-ai/01-pagina--scroll-05.png,Brand Hub / ai,#/client/sabre/brand/ai,Brand hub → ai,01-agencia/07-brand-hub/10-ai/01-pagina
Agência,07-brand-hub/10-ai,01-agencia/07-brand-hub/10-ai/01-pagina--scroll-06.png,Brand Hub / ai,#/client/sabre/brand/ai,Brand hub → ai,01-agencia/07-brand-hub/10-ai/01-pagina
Agência,07-brand-hub/10-ai,01-agencia/07-brand-hub/10-ai/01-pagina.png,Brand Hub / ai,#/client/sabre/brand/ai,Brand hub → ai,
Agência,07-brand-hub/10-ai,01-agencia/07-brand-hub/10-ai/02-editar.png,Formulário de edição pela agência.,#/client/sabre/brand/ai,Brand hub → ai → Edit,
Agência,07-brand-hub/10-ai,01-agencia/07-brand-hub/10-ai/03-contexto-copiado.png,Contexto de marca gerado e copiado.,#/client/sabre/brand/ai,AI Brand Instructions → Copy context,
Agência,07-brand-hub/10-ai,01-agencia/07-brand-hub/10-ai/04-copia-manual--scroll-01.png,Fallback real com permissão de clipboard bloqueada no navegador de captura.,#/client/sabre/brand/ai,Brand hub → AI Brand Instructions → Copy context → Clipboard bloqueado,01-agencia/07-brand-hub/10-ai/04-copia-manual
Agência,07-brand-hub/10-ai,01-agencia/07-brand-hub/10-ai/04-copia-manual--scroll-02.png,Fallback real com permissão de clipboard bloqueada no navegador de captura.,#/client/sabre/brand/ai,Brand hub → AI Brand Instructions → Copy context → Clipboard bloqueado,01-agencia/07-brand-hub/10-ai/04-copia-manual
Agência,07-brand-hub/10-ai,01-agencia/07-brand-hub/10-ai/04-copia-manual--scroll-03.png,Fallback real com permissão de clipboard bloqueada no navegador de captura.,#/client/sabre/brand/ai,Brand hub → AI Brand Instructions → Copy context → Clipboard bloqueado,01-agencia/07-brand-hub/10-ai/04-copia-manual
Agência,07-brand-hub/10-ai,01-agencia/07-brand-hub/10-ai/04-copia-manual--scroll-04.png,Fallback real com permissão de clipboard bloqueada no navegador de captura.,#/client/sabre/brand/ai,Brand hub → AI Brand Instructions → Copy context → Clipboard bloqueado,01-agencia/07-brand-hub/10-ai/04-copia-manual
Agência,07-brand-hub/10-ai,01-agencia/07-brand-hub/10-ai/04-copia-manual--scroll-05.png,Fallback real com permissão de clipboard bloqueada no navegador de captura.,#/client/sabre/brand/ai,Brand hub → AI Brand Instructions → Copy context → Clipboard bloqueado,01-agencia/07-brand-hub/10-ai/04-copia-manual
Agência,07-brand-hub/10-ai,01-agencia/07-brand-hub/10-ai/04-copia-manual--scroll-06.png,Fallback real com permissão de clipboard bloqueada no navegador de captura.,#/client/sabre/brand/ai,Brand hub → AI Brand Instructions → Copy context → Clipboard bloqueado,01-agencia/07-brand-hub/10-ai/04-copia-manual
Agência,07-brand-hub/10-ai,01-agencia/07-brand-hub/10-ai/04-copia-manual--scroll-07.png,Fallback real com permissão de clipboard bloqueada no navegador de captura.,#/client/sabre/brand/ai,Brand hub → AI Brand Instructions → Copy context → Clipboard bloqueado,01-agencia/07-brand-hub/10-ai/04-copia-manual
Agência,07-brand-hub/10-ai,01-agencia/07-brand-hub/10-ai/04-copia-manual--scroll-08.png,Fallback real com permissão de clipboard bloqueada no navegador de captura.,#/client/sabre/brand/ai,Brand hub → AI Brand Instructions → Copy context → Clipboard bloqueado,01-agencia/07-brand-hub/10-ai/04-copia-manual
Agência,07-brand-hub/10-ai,01-agencia/07-brand-hub/10-ai/04-copia-manual--scroll-09.png,Fallback real com permissão de clipboard bloqueada no navegador de captura.,#/client/sabre/brand/ai,Brand hub → AI Brand Instructions → Copy context → Clipboard bloqueado,01-agencia/07-brand-hub/10-ai/04-copia-manual
Agência,07-brand-hub/10-ai,01-agencia/07-brand-hub/10-ai/04-copia-manual--scroll-10.png,Fallback real com permissão de clipboard bloqueada no navegador de captura.,#/client/sabre/brand/ai,Brand hub → AI Brand Instructions → Copy context → Clipboard bloqueado,01-agencia/07-brand-hub/10-ai/04-copia-manual
Agência,07-brand-hub/10-ai,01-agencia/07-brand-hub/10-ai/04-copia-manual--scroll-11.png,Fallback real com permissão de clipboard bloqueada no navegador de captura.,#/client/sabre/brand/ai,Brand hub → AI Brand Instructions → Copy context → Clipboard bloqueado,01-agencia/07-brand-hub/10-ai/04-copia-manual
Agência,07-brand-hub/10-ai,01-agencia/07-brand-hub/10-ai/04-copia-manual.png,Fallback real com permissão de clipboard bloqueada no navegador de captura.,#/client/sabre/brand/ai,Brand hub → AI Brand Instructions → Copy context → Clipboard bloqueado,
Agência,08-creditos,01-agencia/08-creditos/01-saldo-atividade--scroll-01.png,"Saldo, consumo e extrato.",#/client/sabre/credits,Credits,01-agencia/08-creditos/01-saldo-atividade
Agência,08-creditos,01-agencia/08-creditos/01-saldo-atividade--scroll-02.png,"Saldo, consumo e extrato.",#/client/sabre/credits,Credits,01-agencia/08-creditos/01-saldo-atividade
Agência,08-creditos,01-agencia/08-creditos/01-saldo-atividade.png,"Saldo, consumo e extrato.",#/client/sabre/credits,Credits,
Agência,08-creditos,01-agencia/08-creditos/02-plano.png,Detalhes do plano demonstrativo.,#/client/sabre/credits,Credits → View plan,
Agência,08-creditos,01-agencia/08-creditos/03-adicionar-creditos.png,Escolha de pacote de créditos simulados.,#/client/sabre/credits,Credits → Add credits,
Agência,08-creditos,01-agencia/08-creditos/04-creditos-adicionados--scroll-01.png,Saldo após adicionar créditos de demonstração.,#/client/sabre/credits,Add credits → Confirmar,01-agencia/08-creditos/04-creditos-adicionados
Agência,08-creditos,01-agencia/08-creditos/04-creditos-adicionados--scroll-02.png,Saldo após adicionar créditos de demonstração.,#/client/sabre/credits,Add credits → Confirmar,01-agencia/08-creditos/04-creditos-adicionados
Agência,08-creditos,01-agencia/08-creditos/04-creditos-adicionados.png,Saldo após adicionar créditos de demonstração.,#/client/sabre/credits,Add credits → Confirmar,
Agência,08-creditos,01-agencia/08-creditos/05-filtro-entradas.png,Extrato filtrado para créditos adicionados.,#/client/sabre/credits,Credits → Credits added,
Agência,08-creditos,01-agencia/08-creditos/06-relatorio--scroll-01.png,Uso de créditos por campanha e projeto.,#/client/sabre/credits,Credits → Client report,01-agencia/08-creditos/06-relatorio
Agência,08-creditos,01-agencia/08-creditos/06-relatorio--scroll-02.png,Uso de créditos por campanha e projeto.,#/client/sabre/credits,Credits → Client report,01-agencia/08-creditos/06-relatorio
Agência,08-creditos,01-agencia/08-creditos/06-relatorio.png,Uso de créditos por campanha e projeto.,#/client/sabre/credits,Credits → Client report,
Agência,08-creditos,01-agencia/08-creditos/07-detalhamento-entregas--scroll-01.png,Detalhamento de entregáveis da cobrança.,#/client/sabre/credits,Client report → Deliverable breakdown,01-agencia/08-creditos/07-detalhamento-entregas
Agência,08-creditos,01-agencia/08-creditos/07-detalhamento-entregas--scroll-02.png,Detalhamento de entregáveis da cobrança.,#/client/sabre/credits,Client report → Deliverable breakdown,01-agencia/08-creditos/07-detalhamento-entregas
Agência,08-creditos,01-agencia/08-creditos/07-detalhamento-entregas.png,Detalhamento de entregáveis da cobrança.,#/client/sabre/credits,Client report → Deliverable breakdown,
Agência,08-creditos,01-agencia/08-creditos/08-filtro-campanha--scroll-01.png,Relatório de uma campanha.,#/client/sabre/credits,Client report → All campaigns → Summer Safety,01-agencia/08-creditos/08-filtro-campanha
Agência,08-creditos,01-agencia/08-creditos/08-filtro-campanha.png,Relatório de uma campanha.,#/client/sabre/credits,Client report → All campaigns → Summer Safety,
Agência,08-creditos,01-agencia/08-creditos/09-sem-atividade--scroll-01.png,Estado sem lançamentos na seleção.,#/client/sabre/credits,Credits → Pesquisar termo inexistente,01-agencia/08-creditos/09-sem-atividade
Agência,08-creditos,01-agencia/08-creditos/09-sem-atividade.png,Estado sem lançamentos na seleção.,#/client/sabre/credits,Credits → Pesquisar termo inexistente,
Agência,08-creditos,01-agencia/08-creditos/10-projeto-especifico--scroll-01.png,Relatório filtrado no projeto recém-aceito.,#/client/sabre/credits,Briefing aceito → View credit report,01-agencia/08-creditos/10-projeto-especifico
Agência,08-creditos,01-agencia/08-creditos/10-projeto-especifico.png,Relatório filtrado no projeto recém-aceito.,#/client/sabre/credits,Briefing aceito → View credit report,
Agência,09-configuracoes,01-agencia/09-configuracoes/cliente-novo-board-vazio.png,Primeiro acesso de um cliente sem campanha ou projeto.,#/client/preview-c31adb0a/board,Add client → Criar cliente de exemplo,
Agência,09-configuracoes,01-agencia/09-configuracoes/clients.png,Configurações / Clients,#/settings,Settings → Clients,
Agência,09-configuracoes,01-agencia/09-configuracoes/novo-cliente.png,Formulário de cadastro de cliente na sessão.,#/settings,Add client,
Agência,09-configuracoes,01-agencia/09-configuracoes/presets--scroll-01.png,Configurações / Presets,#/settings,Settings → Presets,01-agencia/09-configuracoes/presets
Agência,09-configuracoes,01-agencia/09-configuracoes/presets.png,Configurações / Presets,#/settings,Settings → Presets,
Agência,09-configuracoes,01-agencia/09-configuracoes/team-convite-feedback.png,Convite demonstrativo: apenas uma notificação.,#/settings,Settings → Team → Invite teammate,
Agência,09-configuracoes,01-agencia/09-configuracoes/team.png,Configurações / Team,#/settings,Settings → Team,
Agência,09-configuracoes,01-agencia/09-configuracoes/workspace.png,Configurações / Workspace,#/settings,Settings → Workspace,
Agência,10-outros-clientes,01-agencia/10-outros-clientes/01-acme.png,"Board do cliente Acme. Mesmos componentes, dados de exemplo diferentes.",#/client/acme/board,Clients → Acme,
Agência,10-outros-clientes,01-agencia/10-outros-clientes/02-harbor-pine.png,"Board do cliente Harbor & Pine. Mesmos componentes, dados de exemplo diferentes.",#/client/harbor/board,Clients → Harbor & Pine,
Agência,10-outros-clientes,01-agencia/10-outros-clientes/03-kestrel-outdoor.png,"Board do cliente Kestrel Outdoor. Mesmos componentes, dados de exemplo diferentes.",#/client/kestrel/board,Clients → Kestrel Outdoor,
Agência,10-outros-clientes,01-agencia/10-outros-clientes/04-northfield-bank.png,"Board do cliente Northfield Bank. Mesmos componentes, dados de exemplo diferentes.",#/client/northfield/board,Clients → Northfield Bank,
Agência,10-outros-clientes,01-agencia/10-outros-clientes/05-otto-sons.png,"Board do cliente Otto & Sons. Mesmos componentes, dados de exemplo diferentes.",#/client/otto/board,Clients → Otto & Sons,
Agência,10-outros-clientes,01-agencia/10-outros-clientes/06-pelagic.png,"Board do cliente Pelagic. Mesmos componentes, dados de exemplo diferentes.",#/client/pelagic/board,Clients → Pelagic,
Agência,10-outros-clientes,01-agencia/10-outros-clientes/07-rune-fitness.png,"Board do cliente Rune Fitness. Mesmos componentes, dados de exemplo diferentes.",#/client/rune/board,Clients → Rune Fitness,
Agência,10-outros-clientes,01-agencia/10-outros-clientes/08-sabre.png,"Board do cliente SABRE. Mesmos componentes, dados de exemplo diferentes.",#/client/sabre/board,Clients → SABRE,
Agência,10-outros-clientes,01-agencia/10-outros-clientes/09-sablefish-provisions.png,"Board do cliente Sablefish Provisions. Mesmos componentes, dados de exemplo diferentes.",#/client/sablefish/board,Clients → Sablefish Provisions,
Agência,10-outros-clientes,01-agencia/10-outros-clientes/10-vela-skincare.png,"Board do cliente Vela Skincare. Mesmos componentes, dados de exemplo diferentes.",#/client/vela/board,Clients → Vela Skincare,
Agência,10-outros-clientes,01-agencia/10-outros-clientes/11-novo-cliente-exemplo.png,"Board do cliente Novo cliente / Exemplo. Mesmos componentes, dados de exemplo diferentes.",#/client/preview-c31adb0a/board,Clients → Novo cliente / Exemplo,
Cliente,01-home-e-globais,02-cliente/01-home-e-globais/01-home--scroll-01.png,Home do cliente direciona para seu board.,#/client-view/client/sabre/board,Home,02-cliente/01-home-e-globais/01-home
Cliente,01-home-e-globais,02-cliente/01-home-e-globais/01-home--scroll-02.png,Home do cliente direciona para seu board.,#/client-view/client/sabre/board,Home,02-cliente/01-home-e-globais/01-home
Cliente,01-home-e-globais,02-cliente/01-home-e-globais/01-home--scroll-03.png,Home do cliente direciona para seu board.,#/client-view/client/sabre/board,Home,02-cliente/01-home-e-globais/01-home
Cliente,01-home-e-globais,02-cliente/01-home-e-globais/01-home.png,Home do cliente direciona para seu board.,#/client-view/client/sabre/board,Home,
Cliente,01-home-e-globais,02-cliente/01-home-e-globais/02-search--scroll-01.png,Busca global restrita ao perfil.,#/client-view/client/sabre/board,Search,02-cliente/01-home-e-globais/02-search
Cliente,01-home-e-globais,02-cliente/01-home-e-globais/02-search.png,Busca global restrita ao perfil.,#/client-view/client/sabre/board,Search,
Cliente,01-home-e-globais,02-cliente/01-home-e-globais/03-search-resultados.png,Resultados para Instagram.,#/client-view/client/sabre/board,Search → Pesquisar Instagram,
Cliente,01-home-e-globais,02-cliente/01-home-e-globais/04-search-sem-resultados.png,Estado sem correspondências.,#/client-view/client/sabre/board,Search → Pesquisar termo inexistente,
Cliente,01-home-e-globais,02-cliente/01-home-e-globais/05-notificacoes.png,Atualizações disponíveis ao perfil.,#/client-view/client/sabre/board,Sino de notificações,
Cliente,01-home-e-globais,02-cliente/01-home-e-globais/09-link-indisponivel.png,Link de projeto de sessão anterior ou inexistente.,#/client-view/project/session-expired,Abrir link de projeto inválido,
Cliente,02-board,02-cliente/02-board/01-canvas--scroll-01.png,"Board com planejamento, campanhas e projetos.",#/client-view/client/sabre/board,Board,02-cliente/02-board/01-canvas
Cliente,02-board,02-cliente/02-board/01-canvas--scroll-02.png,"Board com planejamento, campanhas e projetos.",#/client-view/client/sabre/board,Board,02-cliente/02-board/01-canvas
Cliente,02-board,02-cliente/02-board/01-canvas--scroll-03.png,"Board com planejamento, campanhas e projetos.",#/client-view/client/sabre/board,Board,02-cliente/02-board/01-canvas
Cliente,02-board,02-cliente/02-board/01-canvas.png,"Board com planejamento, campanhas e projetos.",#/client-view/client/sabre/board,Board,
Cliente,02-board,02-cliente/02-board/02-timeline-proxima-semana.png,Navegação de período da timeline.,#/client-view/client/sabre/board,Board → Next week,
Cliente,02-board,02-cliente/02-board/03-kanban--scroll-01.png,Projetos por status; alterações de produção disponíveis conforme perfil.,#/client-view/client/sabre/board,Board → Kanban,02-cliente/02-board/03-kanban
Cliente,02-board,02-cliente/02-board/03-kanban--scroll-02.png,Projetos por status; alterações de produção disponíveis conforme perfil.,#/client-view/client/sabre/board,Board → Kanban,02-cliente/02-board/03-kanban
Cliente,02-board,02-cliente/02-board/03-kanban--scroll-03.png,Projetos por status; alterações de produção disponíveis conforme perfil.,#/client-view/client/sabre/board,Board → Kanban,02-cliente/02-board/03-kanban
Cliente,02-board,02-cliente/02-board/03-kanban.png,Projetos por status; alterações de produção disponíveis conforme perfil.,#/client-view/client/sabre/board,Board → Kanban,
Cliente,02-board,02-cliente/02-board/04-kanban-colunas-finais.png,Continuação horizontal do kanban.,#/client-view/client/sabre/board,Board → Kanban → Rolar para direita,
Cliente,02-board,02-cliente/02-board/05-planning-recolhido--scroll-01.png,Campanhas com planejamento recolhido.,#/client-view/client/sabre/board,Board → Recolher Planning,02-cliente/02-board/05-planning-recolhido
Cliente,02-board,02-cliente/02-board/05-planning-recolhido.png,Campanhas com planejamento recolhido.,#/client-view/client/sabre/board,Board → Recolher Planning,
Cliente,02-board,02-cliente/02-board/06-lista.png,Board em tabela.,#/client-view/client/sabre/board,Board → List view,
Cliente,02-board,02-cliente/02-board/07-filtro-status.png,Lista filtrada por status Approved.,#/client-view/client/sabre/board,Board → List view → Status: Approved,
Cliente,02-board,02-cliente/02-board/08-sem-resultados.png,Board vazio por busca e filtro.,#/client-view/client/sabre/board,Board → Pesquisar termo inexistente,
Cliente,03-projeto,02-cliente/03-projeto/01-formatos-versoes.png,Colunas de formato com versões e designs.,#/client-view/project/summer-0,Board → Abrir Instagram Ads,
Cliente,03-projeto,02-cliente/03-projeto/02-filtro-formato.png,Filtro para uma entrega específica.,#/client-view/project/summer-0,Projeto → All deliverables → Story,
Cliente,03-projeto,02-cliente/03-projeto/03-detalhes.png,Painel lateral de propriedades do projeto.,#/client-view/project/summer-0,Projeto → Project details,
Cliente,03-projeto,02-cliente/03-projeto/04-mensagens.png,Mensagens gerais do projeto no canal permitido.,#/client-view/project/summer-0,Project details → Messages,
Cliente,03-projeto,02-cliente/03-projeto/06-design-no-canvas.png,Design focado no canvas e comentários à direita.,#/client-view/project/summer-0,Projeto → V1,
Cliente,03-projeto,02-cliente/03-projeto/07-carrossel-segundo-design.png,Segunda peça da mesma versão.,#/client-view/project/summer-0,V1 → Next design,
Cliente,03-projeto,02-cliente/03-projeto/08-modo-pin.png,Modo para marcar um ponto na peça.,#/client-view/project/summer-0,V1 → Pin comment,
Cliente,03-projeto,02-cliente/03-projeto/09-pin-rascunho.png,Ponto marcado e comentário ainda não enviado.,#/client-view/project/summer-0,Pin comment → Clicar na peça → Escrever comentário,
Cliente,03-projeto,02-cliente/03-projeto/10-pin-comentario.png,Pin numerado selecionado e comentário correspondente destacado.,#/client-view/project/summer-0,Send comment → Pin 1,
Cliente,03-projeto,02-cliente/03-projeto/11-design-zoom--scroll-01.png,Ampliação mantém pin ligado à peça.,#/client-view/project/summer-0,Zoom design in,02-cliente/03-projeto/11-design-zoom
Cliente,03-projeto,02-cliente/03-projeto/11-design-zoom.png,Ampliação mantém pin ligado à peça.,#/client-view/project/summer-0,Zoom design in,
Cliente,03-projeto,02-cliente/03-projeto/14-envio-ou-revisao.png,Formulário de feedback e aprovação.,#/client-view/project/summer-0,Project details → Review designs,
Cliente,03-projeto,02-cliente/03-projeto/15-entrega.png,Arquivos e entrega do projeto.,#/client-view/project/summer-0,Project details → Files & delivery → Open delivery,
Cliente,03-projeto,02-cliente/03-projeto/16-download-feedback.png,"Download demonstrativo, sem arquivo real.",#/client-view/project/summer-0,Open delivery → Preview download,
Cliente,03-projeto,02-cliente/03-projeto/18-multiplas-versoes--scroll-01.png,Versões V1 e V2 empilhadas sob o formato web.,#/client-view/project/summer-1,Board → Campaign Landing Page,02-cliente/03-projeto/18-multiplas-versoes
Cliente,03-projeto,02-cliente/03-projeto/18-multiplas-versoes.png,Versões V1 e V2 empilhadas sob o formato web.,#/client-view/project/summer-1,Board → Campaign Landing Page,
Cliente,03-projeto,02-cliente/03-projeto/20-ainda-nao-compartilhado.png,Estado do cliente antes de a agência compartilhar uma versão.,#/client-view/project/everyday-0,Board → Social Launch,
Cliente,03-projeto,02-cliente/03-projeto/detalhes-activity.png,Seção expandida: Activity,#/client-view/project/summer-0,Projeto → Project details → Activity,
Cliente,03-projeto,02-cliente/03-projeto/detalhes-brand.png,Seção expandida: Brand,#/client-view/project/summer-0,Projeto → Project details → Brand,
Cliente,03-projeto,02-cliente/03-projeto/detalhes-briefing.png,Seção expandida: Briefing,#/client-view/project/summer-0,Projeto → Project details → Briefing,
Cliente,03-projeto,02-cliente/03-projeto/detalhes-deliverables-credits--scroll-01.png,Seção expandida: Deliverables & credits,#/client-view/project/summer-0,Projeto → Project details → Deliverables & credits,02-cliente/03-projeto/detalhes-deliverables-credits
Cliente,03-projeto,02-cliente/03-projeto/detalhes-deliverables-credits.png,Seção expandida: Deliverables & credits,#/client-view/project/summer-0,Projeto → Project details → Deliverables & credits,
Cliente,03-projeto,02-cliente/03-projeto/detalhes-files-delivery.png,Seção expandida: Files & delivery,#/client-view/project/summer-0,Projeto → Project details → Files & delivery,
Cliente,04-briefings/01-lista,02-cliente/04-briefings/01-lista/01-all-briefings.png,Lista de briefings / All briefings,#/client-view/client/sabre/briefings,Briefings → All briefings,
Cliente,04-briefings/01-lista,02-cliente/04-briefings/01-lista/02-draft.png,Lista de briefings / Draft,#/client-view/client/sabre/briefings,Briefings → Draft,
Cliente,04-briefings/01-lista,02-cliente/04-briefings/01-lista/03-awaiting-review.png,Lista de briefings / Awaiting review,#/client-view/client/sabre/briefings,Briefings → Awaiting review,
Cliente,04-briefings/01-lista,02-cliente/04-briefings/01-lista/04-in-progress.png,Lista de briefings / In progress,#/client-view/client/sabre/briefings,Briefings → In progress,
Cliente,04-briefings/01-lista,02-cliente/04-briefings/01-lista/05-in-progress-preenchido.png,Lista com briefing aceito pela agência.,#/client-view/client/sabre/briefings,Briefings → In progress,
Cliente,04-briefings/02-rascunho,02-cliente/04-briefings/02-rascunho/01-detalhe.png,Detalhe de briefing salvo como rascunho.,#/client-view/client/sabre/briefings/briefing-2,Briefings → Summer safety / Product spotlight,
Cliente,04-briefings/02-rascunho,02-cliente/04-briefings/02-rascunho/02-continuar.png,Retomada do rascunho existente.,#/client-view/client/sabre/briefings/briefing-2/edit,Rascunho → Continue briefing,
Cliente,04-briefings/03-type,02-cliente/04-briefings/03-type/01-servicos.png,Catálogo de serviços / página 1,#/client-view/client/sabre/briefings/new,New briefing → Type → Página 1,
Cliente,04-briefings/03-type,02-cliente/04-briefings/03-type/02-servicos.png,Catálogo de serviços / página 2,#/client-view/client/sabre/briefings/new,New briefing → Type → Página 2,
Cliente,04-briefings/03-type,02-cliente/04-briefings/03-type/03-servicos.png,Catálogo de serviços / página 3,#/client-view/client/sabre/briefings/new,New briefing → Type → Página 3,
Cliente,04-briefings/03-type,02-cliente/04-briefings/03-type/04-servicos.png,Catálogo de serviços / página 4,#/client-view/client/sabre/briefings/new,New briefing → Type → Página 4,
Cliente,04-briefings/03-type,02-cliente/04-briefings/03-type/05-servicos.png,Catálogo de serviços / página 5,#/client-view/client/sabre/briefings/new,New briefing → Type → Página 5,
Cliente,04-briefings/03-type,02-cliente/04-briefings/03-type/06-tipo-selecionado.png,Tipo Short Video / Reel selecionado.,#/client-view/client/sabre/briefings/new,Type → Short Video / Reel,
Cliente,04-briefings/04-details,02-cliente/04-briefings/04-details/01-campanha-indefinida.png,Campanha precisa ser explicitamente escolhida.,#/client-view/client/sabre/briefings/new,Type → Continue to details,
Cliente,04-briefings/04-details,02-cliente/04-briefings/04-details/02-campanha-existente--scroll-01.png,Escolha de uma campanha existente.,#/client-view/client/sabre/briefings/new,Details → Choose existing campaign,02-cliente/04-briefings/04-details/02-campanha-existente
Cliente,04-briefings/04-details,02-cliente/04-briefings/04-details/02-campanha-existente.png,Escolha de uma campanha existente.,#/client-view/client/sabre/briefings/new,Details → Choose existing campaign,
Cliente,04-briefings/04-details,02-cliente/04-briefings/04-details/03-campanha-sem-resultados.png,Busca de campanha sem correspondência.,#/client-view/client/sabre/briefings/new,Choose existing campaign → Pesquisar,
Cliente,04-briefings/04-details,02-cliente/04-briefings/04-details/04-nova-campanha.png,Cadastro de nova campanha dentro do briefing.,#/client-view/client/sabre/briefings/new,Details → Create new campaign,
Cliente,04-briefings/04-details,02-cliente/04-briefings/04-details/05-campanha-titulo--scroll-01.png,Campanha confirmada e título preenchido.,#/client-view/client/sabre/briefings/new,Choose existing campaign → Summer Safety → Project title,02-cliente/04-briefings/04-details/05-campanha-titulo
Cliente,04-briefings/04-details,02-cliente/04-briefings/04-details/05-campanha-titulo.png,Campanha confirmada e título preenchido.,#/client-view/client/sabre/briefings/new,Choose existing campaign → Summer Safety → Project title,
Cliente,04-briefings/04-details,02-cliente/04-briefings/04-details/06-entregaveis-vazio.png,Badges de formatos antes da seleção.,#/client-view/client/sabre/briefings/new,Details → Deliverables,
Cliente,04-briefings/04-details,02-cliente/04-briefings/04-details/07-entregaveis-selecionados--scroll-01.png,"Duas entregas, nomes, tamanhos, quantidade e escopo.",#/client-view/client/sabre/briefings/new,Deliverables → Selecionar dois badges,02-cliente/04-briefings/04-details/07-entregaveis-selecionados
Cliente,04-briefings/04-details,02-cliente/04-briefings/04-details/07-entregaveis-selecionados.png,"Duas entregas, nomes, tamanhos, quantidade e escopo.",#/client-view/client/sabre/briefings/new,Deliverables → Selecionar dois badges,
Cliente,04-briefings/04-details,02-cliente/04-briefings/04-details/08-variacao-nomeada--scroll-01.png,Mais de uma peça do mesmo formato.,#/client-view/client/sabre/briefings/new,Deliverables → Add named variation,02-cliente/04-briefings/04-details/08-variacao-nomeada
Cliente,04-briefings/04-details,02-cliente/04-briefings/04-details/08-variacao-nomeada--scroll-02.png,Mais de uma peça do mesmo formato.,#/client-view/client/sabre/briefings/new,Deliverables → Add named variation,02-cliente/04-briefings/04-details/08-variacao-nomeada
Cliente,04-briefings/04-details,02-cliente/04-briefings/04-details/08-variacao-nomeada.png,Mais de uma peça do mesmo formato.,#/client-view/client/sabre/briefings/new,Deliverables → Add named variation,
Cliente,04-briefings/04-details,02-cliente/04-briefings/04-details/09-direcao-basica--scroll-01.png,"Overview e Goals, com defaults do Brand Hub.",#/client-view/client/sabre/briefings/new,Details → Briefing,02-cliente/04-briefings/04-details/09-direcao-basica
Cliente,04-briefings/04-details,02-cliente/04-briefings/04-details/09-direcao-basica.png,"Overview e Goals, com defaults do Brand Hub.",#/client-view/client/sabre/briefings/new,Details → Briefing,
Cliente,04-briefings/04-details,02-cliente/04-briefings/04-details/10-referencias-brandhub--scroll-01.png,"Público, estilo e recursos reutilizados da marca.",#/client-view/client/sabre/briefings/new,Briefing → Brand hub reference,02-cliente/04-briefings/04-details/10-referencias-brandhub
Cliente,04-briefings/04-details,02-cliente/04-briefings/04-details/10-referencias-brandhub.png,"Público, estilo e recursos reutilizados da marca.",#/client-view/client/sabre/briefings/new,Briefing → Brand hub reference,
Cliente,04-briefings/04-details,02-cliente/04-briefings/04-details/11-briefing-completo--scroll-01.png,"Campos opcionais: audiência, mensagem, recursos, inspiração, estilo e notas.",#/client-view/client/sabre/briefings/new,Briefing → Show full briefing,02-cliente/04-briefings/04-details/11-briefing-completo
Cliente,04-briefings/04-details,02-cliente/04-briefings/04-details/11-briefing-completo--scroll-02.png,"Campos opcionais: audiência, mensagem, recursos, inspiração, estilo e notas.",#/client-view/client/sabre/briefings/new,Briefing → Show full briefing,02-cliente/04-briefings/04-details/11-briefing-completo
Cliente,04-briefings/04-details,02-cliente/04-briefings/04-details/11-briefing-completo--scroll-03.png,"Campos opcionais: audiência, mensagem, recursos, inspiração, estilo e notas.",#/client-view/client/sabre/briefings/new,Briefing → Show full briefing,02-cliente/04-briefings/04-details/11-briefing-completo
Cliente,04-briefings/04-details,02-cliente/04-briefings/04-details/11-briefing-completo.png,"Campos opcionais: audiência, mensagem, recursos, inspiração, estilo e notas.",#/client-view/client/sabre/briefings/new,Briefing → Show full briefing,
Cliente,04-briefings/04-details,02-cliente/04-briefings/04-details/12-direcao-personalizada--scroll-01.png,Desvio da direção de marca apenas para este projeto.,#/client-view/client/sabre/briefings/new,Briefing → Customize for this project,02-cliente/04-briefings/04-details/12-direcao-personalizada
Cliente,04-briefings/04-details,02-cliente/04-briefings/04-details/12-direcao-personalizada--scroll-02.png,Desvio da direção de marca apenas para este projeto.,#/client-view/client/sabre/briefings/new,Briefing → Customize for this project,02-cliente/04-briefings/04-details/12-direcao-personalizada
Cliente,04-briefings/04-details,02-cliente/04-briefings/04-details/12-direcao-personalizada--scroll-03.png,Desvio da direção de marca apenas para este projeto.,#/client-view/client/sabre/briefings/new,Briefing → Customize for this project,02-cliente/04-briefings/04-details/12-direcao-personalizada
Cliente,04-briefings/04-details,02-cliente/04-briefings/04-details/12-direcao-personalizada.png,Desvio da direção de marca apenas para este projeto.,#/client-view/client/sabre/briefings/new,Briefing → Customize for this project,
Cliente,04-briefings/04-details,02-cliente/04-briefings/04-details/13-prazo-anexos.png,Prazo e anexos opcionais.,#/client-view/client/sabre/briefings/new,Details → Timing & files,
Cliente,04-briefings/04-details,02-cliente/04-briefings/04-details/14-anexo-adicionado.png,"Anexo de demonstração, apenas metadados.",#/client-view/client/sabre/briefings/new,Timing & files → Escolher arquivo,
Cliente,04-briefings/04-details,02-cliente/04-briefings/04-details/15-anexo-rejeitado.png,Feedback de extensão não suportada.,#/client-view/client/sabre/briefings/new,Timing & files → Escolher arquivo incompatível,
Cliente,04-briefings/05-review,02-cliente/04-briefings/05-review/01-resumo--scroll-01.png,"Revisão completa de campanha, escopo e direção.",#/client-view/client/sabre/briefings/new,Details → Review briefing,02-cliente/04-briefings/05-review/01-resumo
Cliente,04-briefings/05-review,02-cliente/04-briefings/05-review/01-resumo--scroll-02.png,"Revisão completa de campanha, escopo e direção.",#/client-view/client/sabre/briefings/new,Details → Review briefing,02-cliente/04-briefings/05-review/01-resumo
Cliente,04-briefings/05-review,02-cliente/04-briefings/05-review/01-resumo.png,"Revisão completa de campanha, escopo e direção.",#/client-view/client/sabre/briefings/new,Details → Review briefing,
Cliente,04-briefings/05-review,02-cliente/04-briefings/05-review/02-enviado--scroll-01.png,Briefing enviado para revisão; sem débito automático.,#/client-view/client/sabre/briefings/preview-e4b99833,Review → Send briefing,02-cliente/04-briefings/05-review/02-enviado
Cliente,04-briefings/05-review,02-cliente/04-briefings/05-review/02-enviado.png,Briefing enviado para revisão; sem débito automático.,#/client-view/client/sabre/briefings/preview-e4b99833,Review → Send briefing,
Cliente,04-briefings/06-aceite,02-cliente/04-briefings/06-aceite/01-aguardando-revisao--scroll-01.png,Cliente acompanha o status da análise.,#/client-view/client/sabre/briefings/briefing-1,Briefings → Everyday confidence / Social launch,02-cliente/04-briefings/06-aceite/01-aguardando-revisao
Cliente,04-briefings/06-aceite,02-cliente/04-briefings/06-aceite/01-aguardando-revisao.png,Cliente acompanha o status da análise.,#/client-view/client/sabre/briefings/briefing-1,Briefings → Everyday confidence / Social launch,
Cliente,04-briefings/06-aceite,02-cliente/04-briefings/06-aceite/04-aceito--scroll-01.png,Perspectiva do cliente após o aceite da agência.,#/client-view/client/sabre/briefings/briefing-1,Agência aceita o briefing na mesma sessão → Cliente → Briefings → Briefing In progress,02-cliente/04-briefings/06-aceite/04-aceito
Cliente,04-briefings/06-aceite,02-cliente/04-briefings/06-aceite/04-aceito.png,Perspectiva do cliente após o aceite da agência.,#/client-view/client/sabre/briefings/briefing-1,Agência aceita o briefing na mesma sessão → Cliente → Briefings → Briefing In progress,
Cliente,04-briefings/07-escopo-por-tipo,02-cliente/04-briefings/07-escopo-por-tipo/01-ai-enhanced-add-on.png,"Formatos, campos e perguntas do serviço AI-Enhanced Add-On",#/client-view/client/sabre/briefings/new,New briefing → Type: AI-Enhanced Add-On → Details → Deliverables → Selecionar primeiro formato,
Cliente,04-briefings/07-escopo-por-tipo,02-cliente/04-briefings/07-escopo-por-tipo/02-blog-design-infographic.png,"Formatos, campos e perguntas do serviço Blog Design / Infographic",#/client-view/client/sabre/briefings/new,New briefing → Type: Blog Design / Infographic → Details → Deliverables → Selecionar primeiro formato,
Cliente,04-briefings/07-escopo-por-tipo,02-cliente/04-briefings/07-escopo-por-tipo/03-brand-guidelines.png,"Formatos, campos e perguntas do serviço Brand Guidelines",#/client-view/client/sabre/briefings/new,New briefing → Type: Brand Guidelines → Details → Deliverables → Selecionar primeiro formato,
Cliente,04-briefings/07-escopo-por-tipo,02-cliente/04-briefings/07-escopo-por-tipo/04-branded-specialty-design.png,"Formatos, campos e perguntas do serviço Branded Specialty Design",#/client-view/client/sabre/briefings/new,New briefing → Type: Branded Specialty Design → Details → Deliverables → Selecionar primeiro formato,
Cliente,04-briefings/07-escopo-por-tipo,02-cliente/04-briefings/07-escopo-por-tipo/05-content-production.png,"Formatos, campos e perguntas do serviço Content Production",#/client-view/client/sabre/briefings/new,New briefing → Type: Content Production → Details → Deliverables → Selecionar primeiro formato,
Cliente,04-briefings/07-escopo-por-tipo,02-cliente/04-briefings/07-escopo-por-tipo/06-creative-direction-operations.png,"Formatos, campos e perguntas do serviço Creative Direction / Operations",#/client-view/client/sabre/briefings/new,New briefing → Type: Creative Direction / Operations → Details → Deliverables → Selecionar primeiro formato,
Cliente,04-briefings/07-escopo-por-tipo,02-cliente/04-briefings/07-escopo-por-tipo/07-deck-presentation-design.png,"Formatos, campos e perguntas do serviço Deck / Presentation Design",#/client-view/client/sabre/briefings/new,New briefing → Type: Deck / Presentation Design → Details → Deliverables → Selecionar primeiro formato,
Cliente,04-briefings/07-escopo-por-tipo,02-cliente/04-briefings/07-escopo-por-tipo/08-digital-ad-animated.png,"Formatos, campos e perguntas do serviço Digital Ad (Animated)",#/client-view/client/sabre/briefings/new,New briefing → Type: Digital Ad (Animated) → Details → Deliverables → Selecionar primeiro formato,
Cliente,04-briefings/07-escopo-por-tipo,02-cliente/04-briefings/07-escopo-por-tipo/09-digital-ad-static.png,"Formatos, campos e perguntas do serviço Digital Ad (Static)",#/client-view/client/sabre/briefings/new,New briefing → Type: Digital Ad (Static) → Details → Deliverables → Selecionar primeiro formato,
Cliente,04-briefings/07-escopo-por-tipo,02-cliente/04-briefings/07-escopo-por-tipo/10-email-hero.png,"Formatos, campos e perguntas do serviço Email Hero",#/client-view/client/sabre/briefings/new,New briefing → Type: Email Hero → Details → Deliverables → Selecionar primeiro formato,
Cliente,04-briefings/07-escopo-por-tipo,02-cliente/04-briefings/07-escopo-por-tipo/11-full-email-design.png,"Formatos, campos e perguntas do serviço Full Email Design",#/client-view/client/sabre/briefings/new,New briefing → Type: Full Email Design → Details → Deliverables → Selecionar primeiro formato,
Cliente,04-briefings/07-escopo-por-tipo,02-cliente/04-briefings/07-escopo-por-tipo/12-gif-animation.png,"Formatos, campos e perguntas do serviço GIF Animation",#/client-view/client/sabre/briefings/new,New briefing → Type: GIF Animation → Details → Deliverables → Selecionar primeiro formato,
Cliente,04-briefings/07-escopo-por-tipo,02-cliente/04-briefings/07-escopo-por-tipo/13-printed-marketing-materials.png,"Formatos, campos e perguntas do serviço Printed Marketing Materials",#/client-view/client/sabre/briefings/new,New briefing → Type: Printed Marketing Materials → Details → Deliverables → Selecionar primeiro formato,
Cliente,04-briefings/07-escopo-por-tipo,02-cliente/04-briefings/07-escopo-por-tipo/14-short-video-reel.png,"Formatos, campos e perguntas do serviço Short Video / Reel",#/client-view/client/sabre/briefings/new,New briefing → Type: Short Video / Reel → Details → Deliverables → Selecionar primeiro formato,
Cliente,04-briefings/07-escopo-por-tipo,02-cliente/04-briefings/07-escopo-por-tipo/15-simple-branding-package.png,"Formatos, campos e perguntas do serviço Simple Branding Package",#/client-view/client/sabre/briefings/new,New briefing → Type: Simple Branding Package → Details → Deliverables → Selecionar primeiro formato,
Cliente,04-briefings/07-escopo-por-tipo,02-cliente/04-briefings/07-escopo-por-tipo/16-social-post-static.png,"Formatos, campos e perguntas do serviço Social Post (Static)",#/client-view/client/sabre/briefings/new,New briefing → Type: Social Post (Static) → Details → Deliverables → Selecionar primeiro formato,
Cliente,04-briefings/07-escopo-por-tipo,02-cliente/04-briefings/07-escopo-por-tipo/17-ui-web-layout.png,"Formatos, campos e perguntas do serviço UI Web Layout",#/client-view/client/sabre/briefings/new,New briefing → Type: UI Web Layout → Details → Deliverables → Selecionar primeiro formato,
Cliente,04-briefings/07-escopo-por-tipo,02-cliente/04-briefings/07-escopo-por-tipo/18-whitepaper.png,"Formatos, campos e perguntas do serviço Whitepaper",#/client-view/client/sabre/briefings/new,New briefing → Type: Whitepaper → Details → Deliverables → Selecionar primeiro formato,
Cliente,04-briefings/07-escopo-por-tipo,02-cliente/04-briefings/07-escopo-por-tipo/19-youtube-video.png,"Formatos, campos e perguntas do serviço YouTube Video",#/client-view/client/sabre/briefings/new,New briefing → Type: YouTube Video → Details → Deliverables → Selecionar primeiro formato,
Cliente,04-briefings/07-escopo-por-tipo,02-cliente/04-briefings/07-escopo-por-tipo/20-other.png,"Formatos, campos e perguntas do serviço Other",#/client-view/client/sabre/briefings/new,New briefing → Type: Other → Details → Deliverables → Selecionar primeiro formato,
Cliente,05-assets,02-cliente/05-assets/01-biblioteca.png,Biblioteca de arquivos dos projetos.,#/client-view/client/sabre/assets,Assets,
Cliente,05-assets,02-cliente/05-assets/02-aprovados.png,Arquivos de projetos aprovados.,#/client-view/client/sabre/assets,Assets → Approved,
Cliente,06-reviews,02-cliente/06-reviews/01-pendentes.png,Projetos aguardando revisão.,#/client-view/client/sabre/reviews,Reviews,
Cliente,06-reviews,02-cliente/06-reviews/02-revisar.png,Solicitar alterações ou aprovar uma entrega.,#/client-view/client/sabre/reviews,Reviews → Open review,
Cliente,06-reviews,02-cliente/06-reviews/03-feedback-preenchido.png,Comentário antes de solicitar alteração.,#/client-view/client/sabre/reviews,Open review → Your feedback,
Cliente,06-reviews,02-cliente/06-reviews/04-alteracoes-solicitadas.png,Retorno do pedido de revisão à agência.,#/client-view/client/sabre/reviews,Request changes,
Cliente,06-reviews,02-cliente/06-reviews/05-aprovados.png,Projetos aprovados ou entregues.,#/client-view/client/sabre/reviews,Reviews → Approved,
Cliente,06-reviews,02-cliente/06-reviews/06-aprovacao-feedback.png,Confirmação de aprovação.,#/client-view/client/sabre/reviews,Open review → Approve design,
Cliente,07-brand-hub/01-overview,02-cliente/07-brand-hub/01-overview/01-pagina--scroll-01.png,Brand Hub / overview,#/client-view/client/sabre/brand/overview,Brand hub → overview,02-cliente/07-brand-hub/01-overview/01-pagina
Cliente,07-brand-hub/01-overview,02-cliente/07-brand-hub/01-overview/01-pagina.png,Brand Hub / overview,#/client-view/client/sabre/brand/overview,Brand hub → overview,
Cliente,07-brand-hub/01-overview,02-cliente/07-brand-hub/01-overview/03-guidelines.png,Preview das diretrizes da marca.,#/client-view/client/sabre/brand/overview,Brand hub → Overview → Brand guidelines,
Cliente,07-brand-hub/02-logos,02-cliente/07-brand-hub/02-logos/01-pagina--scroll-01.png,Brand Hub / logos,#/client-view/client/sabre/brand/logos,Brand hub → logos,02-cliente/07-brand-hub/02-logos/01-pagina
Cliente,07-brand-hub/02-logos,02-cliente/07-brand-hub/02-logos/01-pagina.png,Brand Hub / logos,#/client-view/client/sabre/brand/logos,Brand hub → logos,
Cliente,07-brand-hub/02-logos,02-cliente/07-brand-hub/02-logos/formato-png--scroll-01.png,Biblioteca com formato PNG selecionado.,#/client-view/client/sabre/brand/logos,Logos → Format → PNG,02-cliente/07-brand-hub/02-logos/formato-png
Cliente,07-brand-hub/02-logos,02-cliente/07-brand-hub/02-logos/formato-png.png,Biblioteca com formato PNG selecionado.,#/client-view/client/sabre/brand/logos,Logos → Format → PNG,
Cliente,07-brand-hub/02-logos,02-cliente/07-brand-hub/02-logos/logo-1.png,Detalhe do logo: Primary Logo,#/client-view/client/sabre/brand/logos,Brand hub → Logos → Primary Logo,
Cliente,07-brand-hub/02-logos,02-cliente/07-brand-hub/02-logos/logo-2.png,Detalhe do logo: Secondary Logo,#/client-view/client/sabre/brand/logos,Brand hub → Logos → Secondary Logo,
Cliente,07-brand-hub/02-logos,02-cliente/07-brand-hub/02-logos/logo-3.png,Detalhe do logo: Wordmark,#/client-view/client/sabre/brand/logos,Brand hub → Logos → Wordmark,
Cliente,07-brand-hub/02-logos,02-cliente/07-brand-hub/02-logos/logo-4.png,Detalhe do logo: Symbol / Icon,#/client-view/client/sabre/brand/logos,Brand hub → Logos → Symbol / Icon,
Cliente,07-brand-hub/02-logos,02-cliente/07-brand-hub/02-logos/logo-5.png,Detalhe do logo: White Logo,#/client-view/client/sabre/brand/logos,Brand hub → Logos → White Logo,
Cliente,07-brand-hub/02-logos,02-cliente/07-brand-hub/02-logos/logo-6.png,Detalhe do logo: Black Logo,#/client-view/client/sabre/brand/logos,Brand hub → Logos → Black Logo,
Cliente,07-brand-hub/02-logos,02-cliente/07-brand-hub/02-logos/logo-7.png,Detalhe do logo: Horizontal,#/client-view/client/sabre/brand/logos,Brand hub → Logos → Horizontal,
Cliente,07-brand-hub/02-logos,02-cliente/07-brand-hub/02-logos/logo-8.png,Detalhe do logo: Vertical,#/client-view/client/sabre/brand/logos,Brand hub → Logos → Vertical,
Cliente,07-brand-hub/03-colors,02-cliente/07-brand-hub/03-colors/01-pagina--scroll-01.png,Brand Hub / colors,#/client-view/client/sabre/brand/colors,Brand hub → colors,02-cliente/07-brand-hub/03-colors/01-pagina
Cliente,07-brand-hub/03-colors,02-cliente/07-brand-hub/03-colors/01-pagina.png,Brand Hub / colors,#/client-view/client/sabre/brand/colors,Brand hub → colors,
Cliente,07-brand-hub/03-colors,02-cliente/07-brand-hub/03-colors/03-formato-rgb--scroll-01.png,Opção para copiar códigos RGB.,#/client-view/client/sabre/brand/colors,Colors → Copy as → RGB,02-cliente/07-brand-hub/03-colors/03-formato-rgb
Cliente,07-brand-hub/03-colors,02-cliente/07-brand-hub/03-colors/03-formato-rgb.png,Opção para copiar códigos RGB.,#/client-view/client/sabre/brand/colors,Colors → Copy as → RGB,
Cliente,07-brand-hub/03-colors,02-cliente/07-brand-hub/03-colors/04-copiar-1.png,Feedback de Copy RGB,#/client-view/client/sabre/brand/colors,Colors → Copy RGB,
Cliente,07-brand-hub/03-colors,02-cliente/07-brand-hub/03-colors/04-copiar-2.png,Feedback de Copy CSS,#/client-view/client/sabre/brand/colors,Colors → Copy CSS,
Cliente,07-brand-hub/03-colors,02-cliente/07-brand-hub/03-colors/04-copiar-3.png,Feedback de Copy Tailwind,#/client-view/client/sabre/brand/colors,Colors → Copy Tailwind,
Cliente,07-brand-hub/04-typography,02-cliente/07-brand-hub/04-typography/01-pagina--scroll-01.png,Brand Hub / typography,#/client-view/client/sabre/brand/typography,Brand hub → typography,02-cliente/07-brand-hub/04-typography/01-pagina
Cliente,07-brand-hub/04-typography,02-cliente/07-brand-hub/04-typography/01-pagina.png,Brand Hub / typography,#/client-view/client/sabre/brand/typography,Brand hub → typography,
Cliente,07-brand-hub/04-typography,02-cliente/07-brand-hub/04-typography/03-texto-personalizado--scroll-01.png,Prévia de tipografia com texto personalizado.,#/client-view/client/sabre/brand/typography,Typography → Preview your text,02-cliente/07-brand-hub/04-typography/03-texto-personalizado
Cliente,07-brand-hub/04-typography,02-cliente/07-brand-hub/04-typography/03-texto-personalizado.png,Prévia de tipografia com texto personalizado.,#/client-view/client/sabre/brand/typography,Typography → Preview your text,
Cliente,07-brand-hub/05-visual-style,02-cliente/07-brand-hub/05-visual-style/01-pagina--scroll-01.png,Brand Hub / visual-style,#/client-view/client/sabre/brand/visual-style,Brand hub → visual-style,02-cliente/07-brand-hub/05-visual-style/01-pagina
Cliente,07-brand-hub/05-visual-style,02-cliente/07-brand-hub/05-visual-style/01-pagina.png,Brand Hub / visual-style,#/client-view/client/sabre/brand/visual-style,Brand hub → visual-style,
Cliente,07-brand-hub/05-visual-style,02-cliente/07-brand-hub/05-visual-style/referencia-1.png,Detalhe de referência visual.,#/client-view/client/sabre/brand/visual-style,Visual Style → Referência 1,
Cliente,07-brand-hub/05-visual-style,02-cliente/07-brand-hub/05-visual-style/referencia-2.png,Detalhe de referência visual.,#/client-view/client/sabre/brand/visual-style,Visual Style → Referência 2,
Cliente,07-brand-hub/05-visual-style,02-cliente/07-brand-hub/05-visual-style/referencia-3.png,Detalhe de referência visual.,#/client-view/client/sabre/brand/visual-style,Visual Style → Referência 3,
Cliente,07-brand-hub/05-visual-style,02-cliente/07-brand-hub/05-visual-style/referencia-4.png,Detalhe de referência visual.,#/client-view/client/sabre/brand/visual-style,Visual Style → Referência 4,
Cliente,07-brand-hub/06-products,02-cliente/07-brand-hub/06-products/01-pagina.png,Brand Hub / products,#/client-view/client/sabre/brand/products,Brand hub → products,
Cliente,07-brand-hub/06-products,02-cliente/07-brand-hub/06-products/produto-1-assets.png,Running Pepper Gel / Assets,#/client-view/client/sabre/brand/products,Product Library → Running Pepper Gel → Assets,
Cliente,07-brand-hub/06-products,02-cliente/07-brand-hub/06-products/produto-1-rules.png,Running Pepper Gel / Rules,#/client-view/client/sabre/brand/products,Product Library → Running Pepper Gel → Rules,
Cliente,07-brand-hub/06-products,02-cliente/07-brand-hub/06-products/produto-1-specs.png,Running Pepper Gel / Specs,#/client-view/client/sabre/brand/products,Product Library → Running Pepper Gel → Specs,
Cliente,07-brand-hub/06-products,02-cliente/07-brand-hub/06-products/produto-2-assets.png,Smart 2.0 / Assets,#/client-view/client/sabre/brand/products,Product Library → Smart 2.0 → Assets,
Cliente,07-brand-hub/06-products,02-cliente/07-brand-hub/06-products/produto-2-rules.png,Smart 2.0 / Rules,#/client-view/client/sabre/brand/products,Product Library → Smart 2.0 → Rules,
Cliente,07-brand-hub/06-products,02-cliente/07-brand-hub/06-products/produto-2-specs.png,Smart 2.0 / Specs,#/client-view/client/sabre/brand/products,Product Library → Smart 2.0 → Specs,
Cliente,07-brand-hub/06-products,02-cliente/07-brand-hub/06-products/produto-3-assets.png,Personal Alarm / Assets,#/client-view/client/sabre/brand/products,Product Library → Personal Alarm → Assets,
Cliente,07-brand-hub/06-products,02-cliente/07-brand-hub/06-products/produto-3-rules.png,Personal Alarm / Rules,#/client-view/client/sabre/brand/products,Product Library → Personal Alarm → Rules,
Cliente,07-brand-hub/06-products,02-cliente/07-brand-hub/06-products/produto-3-specs.png,Personal Alarm / Specs,#/client-view/client/sabre/brand/products,Product Library → Personal Alarm → Specs,
Cliente,07-brand-hub/07-assets,02-cliente/07-brand-hub/07-assets/01-pagina--scroll-01.png,Brand Hub / assets,#/client-view/client/sabre/brand/assets,Brand hub → assets,02-cliente/07-brand-hub/07-assets/01-pagina
Cliente,07-brand-hub/07-assets,02-cliente/07-brand-hub/07-assets/01-pagina.png,Brand Hub / assets,#/client-view/client/sabre/brand/assets,Brand hub → assets,
Cliente,07-brand-hub/07-assets,02-cliente/07-brand-hub/07-assets/03-filtro-categoria.png,Assets filtrados por Photography.,#/client-view/client/sabre/brand/assets,Brand Assets → Photography,
Cliente,07-brand-hub/07-assets,02-cliente/07-brand-hub/07-assets/04-sem-resultados.png,Busca sem assets correspondentes.,#/client-view/client/sabre/brand/assets,Brand Assets → Pesquisar termo inexistente,
Cliente,07-brand-hub/07-assets,02-cliente/07-brand-hub/07-assets/asset-01.png,Primary logo kit / formato e orientação de uso.,#/client-view/client/sabre/brand/assets,Brand Assets → Primary logo kit,
Cliente,07-brand-hub/07-assets,02-cliente/07-brand-hub/07-assets/asset-02.png,Everyday icon set / formato e orientação de uso.,#/client-view/client/sabre/brand/assets,Brand Assets → Everyday icon set,
Cliente,07-brand-hub/07-assets,02-cliente/07-brand-hub/07-assets/asset-03.png,Signature grid / formato e orientação de uso.,#/client-view/client/sabre/brand/assets,Brand Assets → Signature grid,
Cliente,07-brand-hub/07-assets,02-cliente/07-brand-hub/07-assets/asset-04.png,Soft paper texture / formato e orientação de uso.,#/client-view/client/sabre/brand/assets,Brand Assets → Soft paper texture,
Cliente,07-brand-hub/07-assets,02-cliente/07-brand-hub/07-assets/asset-05.png,Outdoor lifestyle / formato e orientação de uso.,#/client-view/client/sabre/brand/assets,Brand Assets → Outdoor lifestyle,
Cliente,07-brand-hub/07-assets,02-cliente/07-brand-hub/07-assets/asset-06.png,Product front view / formato e orientação de uso.,#/client-view/client/sabre/brand/assets,Brand Assets → Product front view,
Cliente,07-brand-hub/07-assets,02-cliente/07-brand-hub/07-assets/asset-07.png,Everyday illustration / formato e orientação de uso.,#/client-view/client/sabre/brand/assets,Brand Assets → Everyday illustration,
Cliente,07-brand-hub/07-assets,02-cliente/07-brand-hub/07-assets/asset-08.png,Product reference model / formato e orientação de uso.,#/client-view/client/sabre/brand/assets,Brand Assets → Product reference model,
Cliente,07-brand-hub/07-assets,02-cliente/07-brand-hub/07-assets/asset-09.png,Packaging mockup / formato e orientação de uso.,#/client-view/client/sabre/brand/assets,Brand Assets → Packaging mockup,
Cliente,07-brand-hub/07-assets,02-cliente/07-brand-hub/07-assets/asset-10.png,Social starter kit / formato e orientação de uso.,#/client-view/client/sabre/brand/assets,Brand Assets → Social starter kit,
Cliente,07-brand-hub/07-assets,02-cliente/07-brand-hub/07-assets/asset-11.png,Launch story / formato e orientação de uso.,#/client-view/client/sabre/brand/assets,Brand Assets → Launch story,
Cliente,07-brand-hub/07-assets,02-cliente/07-brand-hub/07-assets/asset-12.png,Everyday motion / formato e orientação de uso.,#/client-view/client/sabre/brand/assets,Brand Assets → Everyday motion,
Cliente,07-brand-hub/07-assets,02-cliente/07-brand-hub/07-assets/asset-13.png,Instrument Sans family / formato e orientação de uso.,#/client-view/client/sabre/brand/assets,Brand Assets → Instrument Sans family,
Cliente,07-brand-hub/07-assets,02-cliente/07-brand-hub/07-assets/copiar-referencia.png,Confirmação ao copiar referência.,#/client-view/client/sabre/brand/assets,Brand Assets → Primary logo kit → Copy reference,
Cliente,07-brand-hub/08-templates,02-cliente/07-brand-hub/08-templates/01-pagina--scroll-01.png,Brand Hub / templates,#/client-view/client/sabre/brand/templates,Brand hub → templates,02-cliente/07-brand-hub/08-templates/01-pagina
Cliente,07-brand-hub/08-templates,02-cliente/07-brand-hub/08-templates/01-pagina.png,Brand Hub / templates,#/client-view/client/sabre/brand/templates,Brand hub → templates,
Cliente,07-brand-hub/08-templates,02-cliente/07-brand-hub/08-templates/06-rascunhos-criados--scroll-01.png,Rascunhos de templates criados nesta sessão e perfil.,#/client-view/client/sabre/brand/templates,Templates → Retornar do editor,02-cliente/07-brand-hub/08-templates/06-rascunhos-criados
Cliente,07-brand-hub/08-templates,02-cliente/07-brand-hub/08-templates/06-rascunhos-criados--scroll-02.png,Rascunhos de templates criados nesta sessão e perfil.,#/client-view/client/sabre/brand/templates,Templates → Retornar do editor,02-cliente/07-brand-hub/08-templates/06-rascunhos-criados
Cliente,07-brand-hub/08-templates,02-cliente/07-brand-hub/08-templates/06-rascunhos-criados.png,Rascunhos de templates criados nesta sessão e perfil.,#/client-view/client/sabre/brand/templates,Templates → Retornar do editor,
Cliente,07-brand-hub/08-templates,02-cliente/07-brand-hub/08-templates/categoria-commerce.png,Templates da categoria Commerce,#/client-view/client/sabre/brand/templates,Templates → Commerce,
Cliente,07-brand-hub/08-templates,02-cliente/07-brand-hub/08-templates/categoria-social.png,Templates da categoria Social,#/client-view/client/sabre/brand/templates,Templates → Social,
Cliente,07-brand-hub/08-templates,02-cliente/07-brand-hub/08-templates/categoria-web.png,Templates da categoria Web,#/client-view/client/sabre/brand/templates,Templates → Web,
Cliente,07-brand-hub/08-templates,02-cliente/07-brand-hub/08-templates/editor-personalizado.png,Editor com conteúdo e zoom alterados.,#/client-view/client/sabre/brand/drafts/preview-35cc22b7,Template → Headline → Zoom 75%,
Cliente,07-brand-hub/08-templates,02-cliente/07-brand-hub/08-templates/editor-template-1.png,Editor de rascunho: Instagram Post. Rascunho separado do projeto.,#/client-view/client/sabre/brand/drafts/preview-35cc22b7,Templates → Instagram Post → Use template,
Cliente,07-brand-hub/08-templates,02-cliente/07-brand-hub/08-templates/editor-template-2.png,Editor de rascunho: Instagram Story. Rascunho separado do projeto.,#/client-view/client/sabre/brand/drafts/preview-7433c751,Templates → Instagram Story → Use template,
Cliente,07-brand-hub/08-templates,02-cliente/07-brand-hub/08-templates/editor-template-3.png,Editor de rascunho: Amazon A+. Rascunho separado do projeto.,#/client-view/client/sabre/brand/drafts/preview-5f303d8c,Templates → Amazon A+ → Use template,
Cliente,07-brand-hub/08-templates,02-cliente/07-brand-hub/08-templates/editor-template-4.png,Editor de rascunho: Amazon Gallery. Rascunho separado do projeto.,#/client-view/client/sabre/brand/drafts/preview-c415357f,Templates → Amazon Gallery → Use template,
Cliente,07-brand-hub/08-templates,02-cliente/07-brand-hub/08-templates/editor-template-5.png,Editor de rascunho: Website Hero. Rascunho separado do projeto.,#/client-view/client/sabre/brand/drafts/preview-470e556e,Templates → Website Hero → Use template,
Cliente,07-brand-hub/08-templates,02-cliente/07-brand-hub/08-templates/editor-template-6.png,Editor de rascunho: TikTok. Rascunho separado do projeto.,#/client-view/client/sabre/brand/drafts/preview-a09a0ae3,Templates → TikTok → Use template,
Cliente,07-brand-hub/08-templates,02-cliente/07-brand-hub/08-templates/editor-template-7.png,Editor de rascunho: Meta Ads. Rascunho separado do projeto.,#/client-view/client/sabre/brand/drafts/preview-fe6bf8bf,Templates → Meta Ads → Use template,
Cliente,07-brand-hub/08-templates,02-cliente/07-brand-hub/08-templates/rascunho-indisponivel.png,Rascunho não encontrado ou encerrado ao recarregar.,#/client-view/client/sabre/brand/drafts/session-expired,Abrir link de rascunho de sessão anterior,
Cliente,07-brand-hub/09-messaging,02-cliente/07-brand-hub/09-messaging/01-pagina--scroll-01.png,Brand Hub / messaging,#/client-view/client/sabre/brand/messaging,Brand hub → messaging,02-cliente/07-brand-hub/09-messaging/01-pagina
Cliente,07-brand-hub/09-messaging,02-cliente/07-brand-hub/09-messaging/01-pagina.png,Brand Hub / messaging,#/client-view/client/sabre/brand/messaging,Brand hub → messaging,
Cliente,07-brand-hub/09-messaging,02-cliente/07-brand-hub/09-messaging/03-copiar-texto.png,Feedback ao copiar uma headline.,#/client-view/client/sabre/brand/messaging,Copy & Messaging → Copy headline,
Cliente,07-brand-hub/10-ai,02-cliente/07-brand-hub/10-ai/01-pagina--scroll-01.png,Brand Hub / ai,#/client-view/client/sabre/brand/ai,Brand hub → ai,02-cliente/07-brand-hub/10-ai/01-pagina
Cliente,07-brand-hub/10-ai,02-cliente/07-brand-hub/10-ai/01-pagina--scroll-02.png,Brand Hub / ai,#/client-view/client/sabre/brand/ai,Brand hub → ai,02-cliente/07-brand-hub/10-ai/01-pagina
Cliente,07-brand-hub/10-ai,02-cliente/07-brand-hub/10-ai/01-pagina--scroll-03.png,Brand Hub / ai,#/client-view/client/sabre/brand/ai,Brand hub → ai,02-cliente/07-brand-hub/10-ai/01-pagina
Cliente,07-brand-hub/10-ai,02-cliente/07-brand-hub/10-ai/01-pagina--scroll-04.png,Brand Hub / ai,#/client-view/client/sabre/brand/ai,Brand hub → ai,02-cliente/07-brand-hub/10-ai/01-pagina
Cliente,07-brand-hub/10-ai,02-cliente/07-brand-hub/10-ai/01-pagina--scroll-05.png,Brand Hub / ai,#/client-view/client/sabre/brand/ai,Brand hub → ai,02-cliente/07-brand-hub/10-ai/01-pagina
Cliente,07-brand-hub/10-ai,02-cliente/07-brand-hub/10-ai/01-pagina--scroll-06.png,Brand Hub / ai,#/client-view/client/sabre/brand/ai,Brand hub → ai,02-cliente/07-brand-hub/10-ai/01-pagina
Cliente,07-brand-hub/10-ai,02-cliente/07-brand-hub/10-ai/01-pagina.png,Brand Hub / ai,#/client-view/client/sabre/brand/ai,Brand hub → ai,
Cliente,07-brand-hub/10-ai,02-cliente/07-brand-hub/10-ai/03-contexto-copiado.png,Contexto de marca gerado e copiado.,#/client-view/client/sabre/brand/ai,AI Brand Instructions → Copy context,
Cliente,07-brand-hub/10-ai,02-cliente/07-brand-hub/10-ai/04-copia-manual--scroll-01.png,Fallback real com permissão de clipboard bloqueada no navegador de captura.,#/client-view/client/sabre/brand/ai,Brand hub → AI Brand Instructions → Copy context → Clipboard bloqueado,02-cliente/07-brand-hub/10-ai/04-copia-manual
Cliente,07-brand-hub/10-ai,02-cliente/07-brand-hub/10-ai/04-copia-manual--scroll-02.png,Fallback real com permissão de clipboard bloqueada no navegador de captura.,#/client-view/client/sabre/brand/ai,Brand hub → AI Brand Instructions → Copy context → Clipboard bloqueado,02-cliente/07-brand-hub/10-ai/04-copia-manual
Cliente,07-brand-hub/10-ai,02-cliente/07-brand-hub/10-ai/04-copia-manual--scroll-03.png,Fallback real com permissão de clipboard bloqueada no navegador de captura.,#/client-view/client/sabre/brand/ai,Brand hub → AI Brand Instructions → Copy context → Clipboard bloqueado,02-cliente/07-brand-hub/10-ai/04-copia-manual
Cliente,07-brand-hub/10-ai,02-cliente/07-brand-hub/10-ai/04-copia-manual--scroll-04.png,Fallback real com permissão de clipboard bloqueada no navegador de captura.,#/client-view/client/sabre/brand/ai,Brand hub → AI Brand Instructions → Copy context → Clipboard bloqueado,02-cliente/07-brand-hub/10-ai/04-copia-manual
Cliente,07-brand-hub/10-ai,02-cliente/07-brand-hub/10-ai/04-copia-manual--scroll-05.png,Fallback real com permissão de clipboard bloqueada no navegador de captura.,#/client-view/client/sabre/brand/ai,Brand hub → AI Brand Instructions → Copy context → Clipboard bloqueado,02-cliente/07-brand-hub/10-ai/04-copia-manual
Cliente,07-brand-hub/10-ai,02-cliente/07-brand-hub/10-ai/04-copia-manual--scroll-06.png,Fallback real com permissão de clipboard bloqueada no navegador de captura.,#/client-view/client/sabre/brand/ai,Brand hub → AI Brand Instructions → Copy context → Clipboard bloqueado,02-cliente/07-brand-hub/10-ai/04-copia-manual
Cliente,07-brand-hub/10-ai,02-cliente/07-brand-hub/10-ai/04-copia-manual--scroll-07.png,Fallback real com permissão de clipboard bloqueada no navegador de captura.,#/client-view/client/sabre/brand/ai,Brand hub → AI Brand Instructions → Copy context → Clipboard bloqueado,02-cliente/07-brand-hub/10-ai/04-copia-manual
Cliente,07-brand-hub/10-ai,02-cliente/07-brand-hub/10-ai/04-copia-manual--scroll-08.png,Fallback real com permissão de clipboard bloqueada no navegador de captura.,#/client-view/client/sabre/brand/ai,Brand hub → AI Brand Instructions → Copy context → Clipboard bloqueado,02-cliente/07-brand-hub/10-ai/04-copia-manual
Cliente,07-brand-hub/10-ai,02-cliente/07-brand-hub/10-ai/04-copia-manual--scroll-09.png,Fallback real com permissão de clipboard bloqueada no navegador de captura.,#/client-view/client/sabre/brand/ai,Brand hub → AI Brand Instructions → Copy context → Clipboard bloqueado,02-cliente/07-brand-hub/10-ai/04-copia-manual
Cliente,07-brand-hub/10-ai,02-cliente/07-brand-hub/10-ai/04-copia-manual--scroll-10.png,Fallback real com permissão de clipboard bloqueada no navegador de captura.,#/client-view/client/sabre/brand/ai,Brand hub → AI Brand Instructions → Copy context → Clipboard bloqueado,02-cliente/07-brand-hub/10-ai/04-copia-manual
Cliente,07-brand-hub/10-ai,02-cliente/07-brand-hub/10-ai/04-copia-manual--scroll-11.png,Fallback real com permissão de clipboard bloqueada no navegador de captura.,#/client-view/client/sabre/brand/ai,Brand hub → AI Brand Instructions → Copy context → Clipboard bloqueado,02-cliente/07-brand-hub/10-ai/04-copia-manual
Cliente,07-brand-hub/10-ai,02-cliente/07-brand-hub/10-ai/04-copia-manual.png,Fallback real com permissão de clipboard bloqueada no navegador de captura.,#/client-view/client/sabre/brand/ai,Brand hub → AI Brand Instructions → Copy context → Clipboard bloqueado,
Cliente,08-creditos,02-cliente/08-creditos/01-saldo-atividade--scroll-01.png,"Saldo, consumo e extrato.",#/client-view/client/sabre/credits,Credits,02-cliente/08-creditos/01-saldo-atividade
Cliente,08-creditos,02-cliente/08-creditos/01-saldo-atividade--scroll-02.png,"Saldo, consumo e extrato.",#/client-view/client/sabre/credits,Credits,02-cliente/08-creditos/01-saldo-atividade
Cliente,08-creditos,02-cliente/08-creditos/01-saldo-atividade.png,"Saldo, consumo e extrato.",#/client-view/client/sabre/credits,Credits,
Cliente,08-creditos,02-cliente/08-creditos/02-plano.png,Detalhes do plano demonstrativo.,#/client-view/client/sabre/credits,Credits → View plan,
Cliente,08-creditos,02-cliente/08-creditos/03-adicionar-creditos.png,Escolha de pacote de créditos simulados.,#/client-view/client/sabre/credits,Credits → Add credits,
Cliente,08-creditos,02-cliente/08-creditos/04-creditos-adicionados--scroll-01.png,Saldo após adicionar créditos de demonstração.,#/client-view/client/sabre/credits,Add credits → Confirmar,02-cliente/08-creditos/04-creditos-adicionados
Cliente,08-creditos,02-cliente/08-creditos/04-creditos-adicionados--scroll-02.png,Saldo após adicionar créditos de demonstração.,#/client-view/client/sabre/credits,Add credits → Confirmar,02-cliente/08-creditos/04-creditos-adicionados
Cliente,08-creditos,02-cliente/08-creditos/04-creditos-adicionados.png,Saldo após adicionar créditos de demonstração.,#/client-view/client/sabre/credits,Add credits → Confirmar,
Cliente,08-creditos,02-cliente/08-creditos/05-filtro-entradas.png,Extrato filtrado para créditos adicionados.,#/client-view/client/sabre/credits,Credits → Credits added,
Cliente,08-creditos,02-cliente/08-creditos/06-relatorio--scroll-01.png,Uso de créditos por campanha e projeto.,#/client-view/client/sabre/credits,Credits → Client report,02-cliente/08-creditos/06-relatorio
Cliente,08-creditos,02-cliente/08-creditos/06-relatorio--scroll-02.png,Uso de créditos por campanha e projeto.,#/client-view/client/sabre/credits,Credits → Client report,02-cliente/08-creditos/06-relatorio
Cliente,08-creditos,02-cliente/08-creditos/06-relatorio.png,Uso de créditos por campanha e projeto.,#/client-view/client/sabre/credits,Credits → Client report,
Cliente,08-creditos,02-cliente/08-creditos/07-detalhamento-entregas--scroll-01.png,Detalhamento de entregáveis da cobrança.,#/client-view/client/sabre/credits,Client report → Deliverable breakdown,02-cliente/08-creditos/07-detalhamento-entregas
Cliente,08-creditos,02-cliente/08-creditos/07-detalhamento-entregas--scroll-02.png,Detalhamento de entregáveis da cobrança.,#/client-view/client/sabre/credits,Client report → Deliverable breakdown,02-cliente/08-creditos/07-detalhamento-entregas
Cliente,08-creditos,02-cliente/08-creditos/07-detalhamento-entregas.png,Detalhamento de entregáveis da cobrança.,#/client-view/client/sabre/credits,Client report → Deliverable breakdown,
Cliente,08-creditos,02-cliente/08-creditos/08-filtro-campanha--scroll-01.png,Relatório de uma campanha.,#/client-view/client/sabre/credits,Client report → All campaigns → Summer Safety,02-cliente/08-creditos/08-filtro-campanha
Cliente,08-creditos,02-cliente/08-creditos/08-filtro-campanha.png,Relatório de uma campanha.,#/client-view/client/sabre/credits,Client report → All campaigns → Summer Safety,
Cliente,08-creditos,02-cliente/08-creditos/09-sem-atividade--scroll-01.png,Estado sem lançamentos na seleção.,#/client-view/client/sabre/credits,Credits → Pesquisar termo inexistente,02-cliente/08-creditos/09-sem-atividade
Cliente,08-creditos,02-cliente/08-creditos/09-sem-atividade.png,Estado sem lançamentos na seleção.,#/client-view/client/sabre/credits,Credits → Pesquisar termo inexistente,
Cliente,08-creditos,02-cliente/08-creditos/10-projeto-especifico--scroll-01.png,Cliente consulta o débito do projeto aceito.,#/client-view/client/sabre/credits,Briefing aceito → View credit report,02-cliente/08-creditos/10-projeto-especifico
Cliente,08-creditos,02-cliente/08-creditos/10-projeto-especifico.png,Cliente consulta o débito do projeto aceito.,#/client-view/client/sabre/credits,Briefing aceito → View credit report,
Designer,01-home-e-globais,03-designer/01-home-e-globais/01-home--scroll-01.png,Visão inicial de trabalho e projetos.,#/designer-view/home,Home,03-designer/01-home-e-globais/01-home
Designer,01-home-e-globais,03-designer/01-home-e-globais/01-home.png,Visão inicial de trabalho e projetos.,#/designer-view/home,Home,
Designer,01-home-e-globais,03-designer/01-home-e-globais/02-search--scroll-01.png,Busca global restrita ao perfil.,#/designer-view/home,Search,03-designer/01-home-e-globais/02-search
Designer,01-home-e-globais,03-designer/01-home-e-globais/02-search--scroll-02.png,Busca global restrita ao perfil.,#/designer-view/home,Search,03-designer/01-home-e-globais/02-search
Designer,01-home-e-globais,03-designer/01-home-e-globais/02-search--scroll-03.png,Busca global restrita ao perfil.,#/designer-view/home,Search,03-designer/01-home-e-globais/02-search
Designer,01-home-e-globais,03-designer/01-home-e-globais/02-search.png,Busca global restrita ao perfil.,#/designer-view/home,Search,
Designer,01-home-e-globais,03-designer/01-home-e-globais/03-search-resultados.png,Resultados para Instagram.,#/designer-view/home,Search → Pesquisar Instagram,
Designer,01-home-e-globais,03-designer/01-home-e-globais/04-search-sem-resultados.png,Estado sem correspondências.,#/designer-view/home,Search → Pesquisar termo inexistente,
Designer,01-home-e-globais,03-designer/01-home-e-globais/05-notificacoes.png,Atualizações disponíveis ao perfil.,#/designer-view/home,Sino de notificações,
Designer,01-home-e-globais,03-designer/01-home-e-globais/09-link-indisponivel.png,Link de projeto de sessão anterior ou inexistente.,#/designer-view/project/session-expired,Abrir link de projeto inválido,
Designer,02-board,03-designer/02-board/01-canvas--scroll-01.png,"Board com planejamento, campanhas e projetos.",#/designer-view/client/sabre/board,Board,03-designer/02-board/01-canvas
Designer,02-board,03-designer/02-board/01-canvas--scroll-02.png,"Board com planejamento, campanhas e projetos.",#/designer-view/client/sabre/board,Board,03-designer/02-board/01-canvas
Designer,02-board,03-designer/02-board/01-canvas.png,"Board com planejamento, campanhas e projetos.",#/designer-view/client/sabre/board,Board,
Designer,02-board,03-designer/02-board/02-timeline-proxima-semana.png,Navegação de período da timeline.,#/designer-view/client/sabre/board,Board → Next week,
Designer,02-board,03-designer/02-board/03-kanban--scroll-01.png,Projetos por status; alterações de produção disponíveis conforme perfil.,#/designer-view/client/sabre/board,Board → Kanban,03-designer/02-board/03-kanban
Designer,02-board,03-designer/02-board/03-kanban--scroll-02.png,Projetos por status; alterações de produção disponíveis conforme perfil.,#/designer-view/client/sabre/board,Board → Kanban,03-designer/02-board/03-kanban
Designer,02-board,03-designer/02-board/03-kanban.png,Projetos por status; alterações de produção disponíveis conforme perfil.,#/designer-view/client/sabre/board,Board → Kanban,
Designer,02-board,03-designer/02-board/04-kanban-colunas-finais.png,Continuação horizontal do kanban.,#/designer-view/client/sabre/board,Board → Kanban → Rolar para direita,
Designer,02-board,03-designer/02-board/05-planning-recolhido--scroll-01.png,Campanhas com planejamento recolhido.,#/designer-view/client/sabre/board,Board → Recolher Planning,03-designer/02-board/05-planning-recolhido
Designer,02-board,03-designer/02-board/05-planning-recolhido.png,Campanhas com planejamento recolhido.,#/designer-view/client/sabre/board,Board → Recolher Planning,
Designer,02-board,03-designer/02-board/06-lista.png,Board em tabela.,#/designer-view/client/sabre/board,Board → List view,
Designer,02-board,03-designer/02-board/07-filtro-status.png,Lista filtrada por status Approved.,#/designer-view/client/sabre/board,Board → List view → Status: Approved,
Designer,02-board,03-designer/02-board/08-sem-resultados.png,Board vazio por busca e filtro.,#/designer-view/client/sabre/board,Board → Pesquisar termo inexistente,
Designer,03-projeto,03-designer/03-projeto/01-formatos-versoes.png,Colunas de formato com versões e designs.,#/designer-view/project/summer-0,Board → Abrir Instagram Ads,
Designer,03-projeto,03-designer/03-projeto/02-filtro-formato.png,Filtro para uma entrega específica.,#/designer-view/project/summer-0,Projeto → All deliverables → Story,
Designer,03-projeto,03-designer/03-projeto/03-detalhes.png,Painel lateral de propriedades do projeto.,#/designer-view/project/summer-0,Projeto → Project details,
Designer,03-projeto,03-designer/03-projeto/04-mensagens.png,Mensagens gerais do projeto no canal permitido.,#/designer-view/project/summer-0,Project details → Messages,
Designer,03-projeto,03-designer/03-projeto/06-design-no-canvas.png,Design focado no canvas e comentários à direita.,#/designer-view/project/summer-0,Projeto → V1,
Designer,03-projeto,03-designer/03-projeto/07-carrossel-segundo-design.png,Segunda peça da mesma versão.,#/designer-view/project/summer-0,V1 → Next design,
Designer,03-projeto,03-designer/03-projeto/08-modo-pin.png,Modo para marcar um ponto na peça.,#/designer-view/project/summer-0,V1 → Pin comment,
Designer,03-projeto,03-designer/03-projeto/09-pin-rascunho.png,Ponto marcado e comentário ainda não enviado.,#/designer-view/project/summer-0,Pin comment → Clicar na peça → Escrever comentário,
Designer,03-projeto,03-designer/03-projeto/10-pin-comentario.png,Pin numerado selecionado e comentário correspondente destacado.,#/designer-view/project/summer-0,Send comment → Pin 1,
Designer,03-projeto,03-designer/03-projeto/11-design-zoom--scroll-01.png,Ampliação mantém pin ligado à peça.,#/designer-view/project/summer-0,Zoom design in,03-designer/03-projeto/11-design-zoom
Designer,03-projeto,03-designer/03-projeto/11-design-zoom.png,Ampliação mantém pin ligado à peça.,#/designer-view/project/summer-0,Zoom design in,
Designer,03-projeto,03-designer/03-projeto/12-adicionar-design.png,Adicionar mais uma peça à mesma versão.,#/designer-view/project/summer-0,Add design to V1,
Designer,03-projeto,03-designer/03-projeto/13-nova-versao.png,Adicionar uma versão e anotar alterações.,#/designer-view/project/summer-0,New version,
Designer,03-projeto,03-designer/03-projeto/14-envio-ou-revisao.png,Envio privado do designer à agência.,#/designer-view/project/summer-0,Project details → Send to agency,
Designer,03-projeto,03-designer/03-projeto/15-entrega.png,Arquivos e entrega do projeto.,#/designer-view/project/summer-0,Project details → Files & delivery → Open delivery,
Designer,03-projeto,03-designer/03-projeto/16-download-feedback.png,"Download demonstrativo, sem arquivo real.",#/designer-view/project/summer-0,Open delivery → Preview download,
Designer,03-projeto,03-designer/03-projeto/18-multiplas-versoes--scroll-01.png,"V2 adicionada ao projeto atribuído, mantendo os designs da última versão.",#/designer-view/project/summer-0,Projeto → New version → Choose a file → Add to preview,03-designer/03-projeto/18-multiplas-versoes
Designer,03-projeto,03-designer/03-projeto/18-multiplas-versoes--scroll-02.png,"V2 adicionada ao projeto atribuído, mantendo os designs da última versão.",#/designer-view/project/summer-0,Projeto → New version → Choose a file → Add to preview,03-designer/03-projeto/18-multiplas-versoes
Designer,03-projeto,03-designer/03-projeto/18-multiplas-versoes.png,"V2 adicionada ao projeto atribuído, mantendo os designs da última versão.",#/designer-view/project/summer-0,Projeto → New version → Choose a file → Add to preview,
Designer,03-projeto,03-designer/03-projeto/20-varios-designs-v1--scroll-01.png,V1 com duas opções de design no mesmo formato.,#/designer-view/project/summer-0,Projeto → Add design to V1 → Add design,03-designer/03-projeto/20-varios-designs-v1
Designer,03-projeto,03-designer/03-projeto/20-varios-designs-v1.png,V1 com duas opções de design no mesmo formato.,#/designer-view/project/summer-0,Projeto → Add design to V1 → Add design,
Designer,03-projeto,03-designer/03-projeto/21-carrossel-direcao-b.png,Direção B aberta dentro da mesma versão.,#/designer-view/project/summer-0,V1 → Miniatura Direção B,
Designer,03-projeto,03-designer/03-projeto/23-versao-enviada--scroll-01.png,Estado após envio interno à agência.,#/designer-view/project/summer-0,Project details → Send to agency → Confirmar envio,03-designer/03-projeto/23-versao-enviada
Designer,03-projeto,03-designer/03-projeto/23-versao-enviada--scroll-02.png,Estado após envio interno à agência.,#/designer-view/project/summer-0,Project details → Send to agency → Confirmar envio,03-designer/03-projeto/23-versao-enviada
Designer,03-projeto,03-designer/03-projeto/23-versao-enviada.png,Estado após envio interno à agência.,#/designer-view/project/summer-0,Project details → Send to agency → Confirmar envio,
Designer,03-projeto,03-designer/03-projeto/detalhes-activity--scroll-01.png,Seção expandida: Activity,#/designer-view/project/summer-0,Projeto → Project details → Activity,03-designer/03-projeto/detalhes-activity
Designer,03-projeto,03-designer/03-projeto/detalhes-activity.png,Seção expandida: Activity,#/designer-view/project/summer-0,Projeto → Project details → Activity,
Designer,03-projeto,03-designer/03-projeto/detalhes-brand.png,Seção expandida: Brand,#/designer-view/project/summer-0,Projeto → Project details → Brand,
Designer,03-projeto,03-designer/03-projeto/detalhes-briefing--scroll-01.png,Seção expandida: Briefing,#/designer-view/project/summer-0,Projeto → Project details → Briefing,03-designer/03-projeto/detalhes-briefing
Designer,03-projeto,03-designer/03-projeto/detalhes-briefing.png,Seção expandida: Briefing,#/designer-view/project/summer-0,Projeto → Project details → Briefing,
Designer,03-projeto,03-designer/03-projeto/detalhes-files-delivery--scroll-01.png,Seção expandida: Files & delivery,#/designer-view/project/summer-0,Projeto → Project details → Files & delivery,03-designer/03-projeto/detalhes-files-delivery
Designer,03-projeto,03-designer/03-projeto/detalhes-files-delivery.png,Seção expandida: Files & delivery,#/designer-view/project/summer-0,Projeto → Project details → Files & delivery,
Designer,05-assets,03-designer/05-assets/01-biblioteca.png,Biblioteca de arquivos dos projetos.,#/designer-view/client/sabre/assets,Assets,
Designer,05-assets,03-designer/05-assets/02-aprovados.png,Arquivos de projetos aprovados.,#/designer-view/client/sabre/assets,Assets → Approved,
Designer,05-assets,03-designer/05-assets/03-upload.png,Inclusão demonstrativa de arquivo e versão.,#/designer-view/client/sabre/assets,Assets → Upload files,
Designer,07-brand-hub/01-overview,03-designer/07-brand-hub/01-overview/01-pagina--scroll-01.png,Brand Hub / overview,#/designer-view/client/sabre/brand/overview,Brand hub → overview,03-designer/07-brand-hub/01-overview/01-pagina
Designer,07-brand-hub/01-overview,03-designer/07-brand-hub/01-overview/01-pagina.png,Brand Hub / overview,#/designer-view/client/sabre/brand/overview,Brand hub → overview,
Designer,07-brand-hub/01-overview,03-designer/07-brand-hub/01-overview/03-guidelines.png,Preview das diretrizes da marca.,#/designer-view/client/sabre/brand/overview,Brand hub → Overview → Brand guidelines,
Designer,07-brand-hub/02-logos,03-designer/07-brand-hub/02-logos/01-pagina--scroll-01.png,Brand Hub / logos,#/designer-view/client/sabre/brand/logos,Brand hub → logos,03-designer/07-brand-hub/02-logos/01-pagina
Designer,07-brand-hub/02-logos,03-designer/07-brand-hub/02-logos/01-pagina.png,Brand Hub / logos,#/designer-view/client/sabre/brand/logos,Brand hub → logos,
Designer,07-brand-hub/02-logos,03-designer/07-brand-hub/02-logos/formato-png--scroll-01.png,Biblioteca com formato PNG selecionado.,#/designer-view/client/sabre/brand/logos,Logos → Format → PNG,03-designer/07-brand-hub/02-logos/formato-png
Designer,07-brand-hub/02-logos,03-designer/07-brand-hub/02-logos/formato-png.png,Biblioteca com formato PNG selecionado.,#/designer-view/client/sabre/brand/logos,Logos → Format → PNG,
Designer,07-brand-hub/02-logos,03-designer/07-brand-hub/02-logos/logo-1.png,Detalhe do logo: Primary Logo,#/designer-view/client/sabre/brand/logos,Brand hub → Logos → Primary Logo,
Designer,07-brand-hub/02-logos,03-designer/07-brand-hub/02-logos/logo-2.png,Detalhe do logo: Secondary Logo,#/designer-view/client/sabre/brand/logos,Brand hub → Logos → Secondary Logo,
Designer,07-brand-hub/02-logos,03-designer/07-brand-hub/02-logos/logo-3.png,Detalhe do logo: Wordmark,#/designer-view/client/sabre/brand/logos,Brand hub → Logos → Wordmark,
Designer,07-brand-hub/02-logos,03-designer/07-brand-hub/02-logos/logo-4.png,Detalhe do logo: Symbol / Icon,#/designer-view/client/sabre/brand/logos,Brand hub → Logos → Symbol / Icon,
Designer,07-brand-hub/02-logos,03-designer/07-brand-hub/02-logos/logo-5.png,Detalhe do logo: White Logo,#/designer-view/client/sabre/brand/logos,Brand hub → Logos → White Logo,
Designer,07-brand-hub/02-logos,03-designer/07-brand-hub/02-logos/logo-6.png,Detalhe do logo: Black Logo,#/designer-view/client/sabre/brand/logos,Brand hub → Logos → Black Logo,
Designer,07-brand-hub/02-logos,03-designer/07-brand-hub/02-logos/logo-7.png,Detalhe do logo: Horizontal,#/designer-view/client/sabre/brand/logos,Brand hub → Logos → Horizontal,
Designer,07-brand-hub/02-logos,03-designer/07-brand-hub/02-logos/logo-8.png,Detalhe do logo: Vertical,#/designer-view/client/sabre/brand/logos,Brand hub → Logos → Vertical,
Designer,07-brand-hub/03-colors,03-designer/07-brand-hub/03-colors/01-pagina--scroll-01.png,Brand Hub / colors,#/designer-view/client/sabre/brand/colors,Brand hub → colors,03-designer/07-brand-hub/03-colors/01-pagina
Designer,07-brand-hub/03-colors,03-designer/07-brand-hub/03-colors/01-pagina.png,Brand Hub / colors,#/designer-view/client/sabre/brand/colors,Brand hub → colors,
Designer,07-brand-hub/03-colors,03-designer/07-brand-hub/03-colors/03-formato-rgb--scroll-01.png,Opção para copiar códigos RGB.,#/designer-view/client/sabre/brand/colors,Colors → Copy as → RGB,03-designer/07-brand-hub/03-colors/03-formato-rgb
Designer,07-brand-hub/03-colors,03-designer/07-brand-hub/03-colors/03-formato-rgb.png,Opção para copiar códigos RGB.,#/designer-view/client/sabre/brand/colors,Colors → Copy as → RGB,
Designer,07-brand-hub/03-colors,03-designer/07-brand-hub/03-colors/04-copiar-1.png,Feedback de Copy RGB,#/designer-view/client/sabre/brand/colors,Colors → Copy RGB,
Designer,07-brand-hub/03-colors,03-designer/07-brand-hub/03-colors/04-copiar-2.png,Feedback de Copy CSS,#/designer-view/client/sabre/brand/colors,Colors → Copy CSS,
Designer,07-brand-hub/03-colors,03-designer/07-brand-hub/03-colors/04-copiar-3.png,Feedback de Copy Tailwind,#/designer-view/client/sabre/brand/colors,Colors → Copy Tailwind,
Designer,07-brand-hub/04-typography,03-designer/07-brand-hub/04-typography/01-pagina--scroll-01.png,Brand Hub / typography,#/designer-view/client/sabre/brand/typography,Brand hub → typography,03-designer/07-brand-hub/04-typography/01-pagina
Designer,07-brand-hub/04-typography,03-designer/07-brand-hub/04-typography/01-pagina.png,Brand Hub / typography,#/designer-view/client/sabre/brand/typography,Brand hub → typography,
Designer,07-brand-hub/04-typography,03-designer/07-brand-hub/04-typography/03-texto-personalizado--scroll-01.png,Prévia de tipografia com texto personalizado.,#/designer-view/client/sabre/brand/typography,Typography → Preview your text,03-designer/07-brand-hub/04-typography/03-texto-personalizado
Designer,07-brand-hub/04-typography,03-designer/07-brand-hub/04-typography/03-texto-personalizado.png,Prévia de tipografia com texto personalizado.,#/designer-view/client/sabre/brand/typography,Typography → Preview your text,
Designer,07-brand-hub/05-visual-style,03-designer/07-brand-hub/05-visual-style/01-pagina--scroll-01.png,Brand Hub / visual-style,#/designer-view/client/sabre/brand/visual-style,Brand hub → visual-style,03-designer/07-brand-hub/05-visual-style/01-pagina
Designer,07-brand-hub/05-visual-style,03-designer/07-brand-hub/05-visual-style/01-pagina.png,Brand Hub / visual-style,#/designer-view/client/sabre/brand/visual-style,Brand hub → visual-style,
Designer,07-brand-hub/05-visual-style,03-designer/07-brand-hub/05-visual-style/referencia-1.png,Detalhe de referência visual.,#/designer-view/client/sabre/brand/visual-style,Visual Style → Referência 1,
Designer,07-brand-hub/05-visual-style,03-designer/07-brand-hub/05-visual-style/referencia-2.png,Detalhe de referência visual.,#/designer-view/client/sabre/brand/visual-style,Visual Style → Referência 2,
Designer,07-brand-hub/05-visual-style,03-designer/07-brand-hub/05-visual-style/referencia-3.png,Detalhe de referência visual.,#/designer-view/client/sabre/brand/visual-style,Visual Style → Referência 3,
Designer,07-brand-hub/05-visual-style,03-designer/07-brand-hub/05-visual-style/referencia-4.png,Detalhe de referência visual.,#/designer-view/client/sabre/brand/visual-style,Visual Style → Referência 4,
Designer,07-brand-hub/06-products,03-designer/07-brand-hub/06-products/01-pagina.png,Brand Hub / products,#/designer-view/client/sabre/brand/products,Brand hub → products,
Designer,07-brand-hub/06-products,03-designer/07-brand-hub/06-products/produto-1-assets.png,Running Pepper Gel / Assets,#/designer-view/client/sabre/brand/products,Product Library → Running Pepper Gel → Assets,
Designer,07-brand-hub/06-products,03-designer/07-brand-hub/06-products/produto-1-rules.png,Running Pepper Gel / Rules,#/designer-view/client/sabre/brand/products,Product Library → Running Pepper Gel → Rules,
Designer,07-brand-hub/06-products,03-designer/07-brand-hub/06-products/produto-1-specs.png,Running Pepper Gel / Specs,#/designer-view/client/sabre/brand/products,Product Library → Running Pepper Gel → Specs,
Designer,07-brand-hub/06-products,03-designer/07-brand-hub/06-products/produto-2-assets.png,Smart 2.0 / Assets,#/designer-view/client/sabre/brand/products,Product Library → Smart 2.0 → Assets,
Designer,07-brand-hub/06-products,03-designer/07-brand-hub/06-products/produto-2-rules.png,Smart 2.0 / Rules,#/designer-view/client/sabre/brand/products,Product Library → Smart 2.0 → Rules,
Designer,07-brand-hub/06-products,03-designer/07-brand-hub/06-products/produto-2-specs.png,Smart 2.0 / Specs,#/designer-view/client/sabre/brand/products,Product Library → Smart 2.0 → Specs,
Designer,07-brand-hub/06-products,03-designer/07-brand-hub/06-products/produto-3-assets.png,Personal Alarm / Assets,#/designer-view/client/sabre/brand/products,Product Library → Personal Alarm → Assets,
Designer,07-brand-hub/06-products,03-designer/07-brand-hub/06-products/produto-3-rules.png,Personal Alarm / Rules,#/designer-view/client/sabre/brand/products,Product Library → Personal Alarm → Rules,
Designer,07-brand-hub/06-products,03-designer/07-brand-hub/06-products/produto-3-specs.png,Personal Alarm / Specs,#/designer-view/client/sabre/brand/products,Product Library → Personal Alarm → Specs,
Designer,07-brand-hub/07-assets,03-designer/07-brand-hub/07-assets/01-pagina--scroll-01.png,Brand Hub / assets,#/designer-view/client/sabre/brand/assets,Brand hub → assets,03-designer/07-brand-hub/07-assets/01-pagina
Designer,07-brand-hub/07-assets,03-designer/07-brand-hub/07-assets/01-pagina.png,Brand Hub / assets,#/designer-view/client/sabre/brand/assets,Brand hub → assets,
Designer,07-brand-hub/07-assets,03-designer/07-brand-hub/07-assets/03-filtro-categoria.png,Assets filtrados por Photography.,#/designer-view/client/sabre/brand/assets,Brand Assets → Photography,
Designer,07-brand-hub/07-assets,03-designer/07-brand-hub/07-assets/04-sem-resultados.png,Busca sem assets correspondentes.,#/designer-view/client/sabre/brand/assets,Brand Assets → Pesquisar termo inexistente,
Designer,07-brand-hub/07-assets,03-designer/07-brand-hub/07-assets/asset-01.png,Primary logo kit / formato e orientação de uso.,#/designer-view/client/sabre/brand/assets,Brand Assets → Primary logo kit,
Designer,07-brand-hub/07-assets,03-designer/07-brand-hub/07-assets/asset-02.png,Everyday icon set / formato e orientação de uso.,#/designer-view/client/sabre/brand/assets,Brand Assets → Everyday icon set,
Designer,07-brand-hub/07-assets,03-designer/07-brand-hub/07-assets/asset-03.png,Signature grid / formato e orientação de uso.,#/designer-view/client/sabre/brand/assets,Brand Assets → Signature grid,
Designer,07-brand-hub/07-assets,03-designer/07-brand-hub/07-assets/asset-04.png,Soft paper texture / formato e orientação de uso.,#/designer-view/client/sabre/brand/assets,Brand Assets → Soft paper texture,
Designer,07-brand-hub/07-assets,03-designer/07-brand-hub/07-assets/asset-05.png,Outdoor lifestyle / formato e orientação de uso.,#/designer-view/client/sabre/brand/assets,Brand Assets → Outdoor lifestyle,
Designer,07-brand-hub/07-assets,03-designer/07-brand-hub/07-assets/asset-06.png,Product front view / formato e orientação de uso.,#/designer-view/client/sabre/brand/assets,Brand Assets → Product front view,
Designer,07-brand-hub/07-assets,03-designer/07-brand-hub/07-assets/asset-07.png,Everyday illustration / formato e orientação de uso.,#/designer-view/client/sabre/brand/assets,Brand Assets → Everyday illustration,
Designer,07-brand-hub/07-assets,03-designer/07-brand-hub/07-assets/asset-08.png,Product reference model / formato e orientação de uso.,#/designer-view/client/sabre/brand/assets,Brand Assets → Product reference model,
Designer,07-brand-hub/07-assets,03-designer/07-brand-hub/07-assets/asset-09.png,Packaging mockup / formato e orientação de uso.,#/designer-view/client/sabre/brand/assets,Brand Assets → Packaging mockup,
Designer,07-brand-hub/07-assets,03-designer/07-brand-hub/07-assets/asset-10.png,Social starter kit / formato e orientação de uso.,#/designer-view/client/sabre/brand/assets,Brand Assets → Social starter kit,
Designer,07-brand-hub/07-assets,03-designer/07-brand-hub/07-assets/asset-11.png,Launch story / formato e orientação de uso.,#/designer-view/client/sabre/brand/assets,Brand Assets → Launch story,
Designer,07-brand-hub/07-assets,03-designer/07-brand-hub/07-assets/asset-12.png,Everyday motion / formato e orientação de uso.,#/designer-view/client/sabre/brand/assets,Brand Assets → Everyday motion,
Designer,07-brand-hub/07-assets,03-designer/07-brand-hub/07-assets/asset-13.png,Instrument Sans family / formato e orientação de uso.,#/designer-view/client/sabre/brand/assets,Brand Assets → Instrument Sans family,
Designer,07-brand-hub/07-assets,03-designer/07-brand-hub/07-assets/copiar-referencia.png,Confirmação ao copiar referência.,#/designer-view/client/sabre/brand/assets,Brand Assets → Primary logo kit → Copy reference,
Designer,07-brand-hub/08-templates,03-designer/07-brand-hub/08-templates/01-pagina--scroll-01.png,Brand Hub / templates,#/designer-view/client/sabre/brand/templates,Brand hub → templates,03-designer/07-brand-hub/08-templates/01-pagina
Designer,07-brand-hub/08-templates,03-designer/07-brand-hub/08-templates/01-pagina.png,Brand Hub / templates,#/designer-view/client/sabre/brand/templates,Brand hub → templates,
Designer,07-brand-hub/08-templates,03-designer/07-brand-hub/08-templates/06-rascunhos-criados--scroll-01.png,Rascunhos de templates criados nesta sessão e perfil.,#/designer-view/client/sabre/brand/templates,Templates → Retornar do editor,03-designer/07-brand-hub/08-templates/06-rascunhos-criados
Designer,07-brand-hub/08-templates,03-designer/07-brand-hub/08-templates/06-rascunhos-criados--scroll-02.png,Rascunhos de templates criados nesta sessão e perfil.,#/designer-view/client/sabre/brand/templates,Templates → Retornar do editor,03-designer/07-brand-hub/08-templates/06-rascunhos-criados
Designer,07-brand-hub/08-templates,03-designer/07-brand-hub/08-templates/06-rascunhos-criados.png,Rascunhos de templates criados nesta sessão e perfil.,#/designer-view/client/sabre/brand/templates,Templates → Retornar do editor,
Designer,07-brand-hub/08-templates,03-designer/07-brand-hub/08-templates/categoria-commerce.png,Templates da categoria Commerce,#/designer-view/client/sabre/brand/templates,Templates → Commerce,
Designer,07-brand-hub/08-templates,03-designer/07-brand-hub/08-templates/categoria-social.png,Templates da categoria Social,#/designer-view/client/sabre/brand/templates,Templates → Social,
Designer,07-brand-hub/08-templates,03-designer/07-brand-hub/08-templates/categoria-web.png,Templates da categoria Web,#/designer-view/client/sabre/brand/templates,Templates → Web,
Designer,07-brand-hub/08-templates,03-designer/07-brand-hub/08-templates/editor-personalizado.png,Editor com conteúdo e zoom alterados.,#/designer-view/client/sabre/brand/drafts/preview-fa54292a,Template → Headline → Zoom 75%,
Designer,07-brand-hub/08-templates,03-designer/07-brand-hub/08-templates/editor-template-1.png,Editor de rascunho: Instagram Post. Rascunho separado do projeto.,#/designer-view/client/sabre/brand/drafts/preview-fa54292a,Templates → Instagram Post → Use template,
Designer,07-brand-hub/08-templates,03-designer/07-brand-hub/08-templates/editor-template-2.png,Editor de rascunho: Instagram Story. Rascunho separado do projeto.,#/designer-view/client/sabre/brand/drafts/preview-bd30476f,Templates → Instagram Story → Use template,
Designer,07-brand-hub/08-templates,03-designer/07-brand-hub/08-templates/editor-template-3.png,Editor de rascunho: Amazon A+. Rascunho separado do projeto.,#/designer-view/client/sabre/brand/drafts/preview-bbda9183,Templates → Amazon A+ → Use template,
Designer,07-brand-hub/08-templates,03-designer/07-brand-hub/08-templates/editor-template-4.png,Editor de rascunho: Amazon Gallery. Rascunho separado do projeto.,#/designer-view/client/sabre/brand/drafts/preview-331b68bb,Templates → Amazon Gallery → Use template,
Designer,07-brand-hub/08-templates,03-designer/07-brand-hub/08-templates/editor-template-5.png,Editor de rascunho: Website Hero. Rascunho separado do projeto.,#/designer-view/client/sabre/brand/drafts/preview-962ec904,Templates → Website Hero → Use template,
Designer,07-brand-hub/08-templates,03-designer/07-brand-hub/08-templates/editor-template-6.png,Editor de rascunho: TikTok. Rascunho separado do projeto.,#/designer-view/client/sabre/brand/drafts/preview-03776423,Templates → TikTok → Use template,
Designer,07-brand-hub/08-templates,03-designer/07-brand-hub/08-templates/editor-template-7.png,Editor de rascunho: Meta Ads. Rascunho separado do projeto.,#/designer-view/client/sabre/brand/drafts/preview-54608866,Templates → Meta Ads → Use template,
Designer,07-brand-hub/08-templates,03-designer/07-brand-hub/08-templates/rascunho-indisponivel.png,Rascunho não encontrado ou encerrado ao recarregar.,#/designer-view/client/sabre/brand/drafts/session-expired,Abrir link de rascunho de sessão anterior,
Designer,07-brand-hub/09-messaging,03-designer/07-brand-hub/09-messaging/01-pagina--scroll-01.png,Brand Hub / messaging,#/designer-view/client/sabre/brand/messaging,Brand hub → messaging,03-designer/07-brand-hub/09-messaging/01-pagina
Designer,07-brand-hub/09-messaging,03-designer/07-brand-hub/09-messaging/01-pagina.png,Brand Hub / messaging,#/designer-view/client/sabre/brand/messaging,Brand hub → messaging,
Designer,07-brand-hub/09-messaging,03-designer/07-brand-hub/09-messaging/03-copiar-texto.png,Feedback ao copiar uma headline.,#/designer-view/client/sabre/brand/messaging,Copy & Messaging → Copy headline,
Designer,07-brand-hub/10-ai,03-designer/07-brand-hub/10-ai/01-pagina--scroll-01.png,Brand Hub / ai,#/designer-view/client/sabre/brand/ai,Brand hub → ai,03-designer/07-brand-hub/10-ai/01-pagina
Designer,07-brand-hub/10-ai,03-designer/07-brand-hub/10-ai/01-pagina--scroll-02.png,Brand Hub / ai,#/designer-view/client/sabre/brand/ai,Brand hub → ai,03-designer/07-brand-hub/10-ai/01-pagina
Designer,07-brand-hub/10-ai,03-designer/07-brand-hub/10-ai/01-pagina--scroll-03.png,Brand Hub / ai,#/designer-view/client/sabre/brand/ai,Brand hub → ai,03-designer/07-brand-hub/10-ai/01-pagina
Designer,07-brand-hub/10-ai,03-designer/07-brand-hub/10-ai/01-pagina--scroll-04.png,Brand Hub / ai,#/designer-view/client/sabre/brand/ai,Brand hub → ai,03-designer/07-brand-hub/10-ai/01-pagina
Designer,07-brand-hub/10-ai,03-designer/07-brand-hub/10-ai/01-pagina--scroll-05.png,Brand Hub / ai,#/designer-view/client/sabre/brand/ai,Brand hub → ai,03-designer/07-brand-hub/10-ai/01-pagina
Designer,07-brand-hub/10-ai,03-designer/07-brand-hub/10-ai/01-pagina--scroll-06.png,Brand Hub / ai,#/designer-view/client/sabre/brand/ai,Brand hub → ai,03-designer/07-brand-hub/10-ai/01-pagina
Designer,07-brand-hub/10-ai,03-designer/07-brand-hub/10-ai/01-pagina.png,Brand Hub / ai,#/designer-view/client/sabre/brand/ai,Brand hub → ai,
Designer,07-brand-hub/10-ai,03-designer/07-brand-hub/10-ai/03-contexto-copiado.png,Contexto de marca gerado e copiado.,#/designer-view/client/sabre/brand/ai,AI Brand Instructions → Copy context,
Designer,07-brand-hub/10-ai,03-designer/07-brand-hub/10-ai/04-copia-manual--scroll-01.png,Fallback real com permissão de clipboard bloqueada no navegador de captura.,#/designer-view/client/sabre/brand/ai,Brand hub → AI Brand Instructions → Copy context → Clipboard bloqueado,03-designer/07-brand-hub/10-ai/04-copia-manual
Designer,07-brand-hub/10-ai,03-designer/07-brand-hub/10-ai/04-copia-manual--scroll-02.png,Fallback real com permissão de clipboard bloqueada no navegador de captura.,#/designer-view/client/sabre/brand/ai,Brand hub → AI Brand Instructions → Copy context → Clipboard bloqueado,03-designer/07-brand-hub/10-ai/04-copia-manual
Designer,07-brand-hub/10-ai,03-designer/07-brand-hub/10-ai/04-copia-manual--scroll-03.png,Fallback real com permissão de clipboard bloqueada no navegador de captura.,#/designer-view/client/sabre/brand/ai,Brand hub → AI Brand Instructions → Copy context → Clipboard bloqueado,03-designer/07-brand-hub/10-ai/04-copia-manual
Designer,07-brand-hub/10-ai,03-designer/07-brand-hub/10-ai/04-copia-manual--scroll-04.png,Fallback real com permissão de clipboard bloqueada no navegador de captura.,#/designer-view/client/sabre/brand/ai,Brand hub → AI Brand Instructions → Copy context → Clipboard bloqueado,03-designer/07-brand-hub/10-ai/04-copia-manual
Designer,07-brand-hub/10-ai,03-designer/07-brand-hub/10-ai/04-copia-manual--scroll-05.png,Fallback real com permissão de clipboard bloqueada no navegador de captura.,#/designer-view/client/sabre/brand/ai,Brand hub → AI Brand Instructions → Copy context → Clipboard bloqueado,03-designer/07-brand-hub/10-ai/04-copia-manual
Designer,07-brand-hub/10-ai,03-designer/07-brand-hub/10-ai/04-copia-manual--scroll-06.png,Fallback real com permissão de clipboard bloqueada no navegador de captura.,#/designer-view/client/sabre/brand/ai,Brand hub → AI Brand Instructions → Copy context → Clipboard bloqueado,03-designer/07-brand-hub/10-ai/04-copia-manual
Designer,07-brand-hub/10-ai,03-designer/07-brand-hub/10-ai/04-copia-manual--scroll-07.png,Fallback real com permissão de clipboard bloqueada no navegador de captura.,#/designer-view/client/sabre/brand/ai,Brand hub → AI Brand Instructions → Copy context → Clipboard bloqueado,03-designer/07-brand-hub/10-ai/04-copia-manual
Designer,07-brand-hub/10-ai,03-designer/07-brand-hub/10-ai/04-copia-manual--scroll-08.png,Fallback real com permissão de clipboard bloqueada no navegador de captura.,#/designer-view/client/sabre/brand/ai,Brand hub → AI Brand Instructions → Copy context → Clipboard bloqueado,03-designer/07-brand-hub/10-ai/04-copia-manual
Designer,07-brand-hub/10-ai,03-designer/07-brand-hub/10-ai/04-copia-manual--scroll-09.png,Fallback real com permissão de clipboard bloqueada no navegador de captura.,#/designer-view/client/sabre/brand/ai,Brand hub → AI Brand Instructions → Copy context → Clipboard bloqueado,03-designer/07-brand-hub/10-ai/04-copia-manual
Designer,07-brand-hub/10-ai,03-designer/07-brand-hub/10-ai/04-copia-manual--scroll-10.png,Fallback real com permissão de clipboard bloqueada no navegador de captura.,#/designer-view/client/sabre/brand/ai,Brand hub → AI Brand Instructions → Copy context → Clipboard bloqueado,03-designer/07-brand-hub/10-ai/04-copia-manual
Designer,07-brand-hub/10-ai,03-designer/07-brand-hub/10-ai/04-copia-manual--scroll-11.png,Fallback real com permissão de clipboard bloqueada no navegador de captura.,#/designer-view/client/sabre/brand/ai,Brand hub → AI Brand Instructions → Copy context → Clipboard bloqueado,03-designer/07-brand-hub/10-ai/04-copia-manual
Designer,07-brand-hub/10-ai,03-designer/07-brand-hub/10-ai/04-copia-manual.png,Fallback real com permissão de clipboard bloqueada no navegador de captura.,#/designer-view/client/sabre/brand/ai,Brand hub → AI Brand Instructions → Copy context → Clipboard bloqueado,
